Filename,Anger,Disgust,Fear,Happy,Sad,Surprise,Neutral,Valence,Arousal,Domination
Video1.mp4,8.2,4.8,11.2,10.8,22.5,27.5,24.0,-0.78,0.75,0.43
Video2.mp4,0.0,4.0,0.0,19.6,0.0,8.2,60.2,0.36,0.5,0.4
Video3.mp4,28.4,39.0,1.4,0.0,16.6,0.0,0.0,-0.62,1.56,0.44
Video4.mp4,0.0,0.0,0.0,26.5,1.2,0.8,26.7,0.35,-0.12,0.02
Video5.mp4,2.3,1.7,29.0,18.7,0.0,4.3,0.0,0.23,0.47,-0.57
Video6.mp4,40.2,35.2,37.2,0.0,16.0,25.0,0.0,-0.85,0.2,0.18
Video7.mp4,6.0,4.0,0.0,0.0,1.8,0.0,52.8,-0.1,-0.18,1.45
Video8.mp4,10.6,5.6,0.0,0.0,3.2,10.4,21.6,0.24,0.1,0.26
Video9.mp4,0.0,0.0,0.0,52.8,0.0,17.6,18.4,0.84,0.26,0.34
Video10.mp4,14.7,17.7,19.3,0.0,7.0,0.0,37.0,-0.8,0.17,0.93
Video11.mp4,0.0,0.0,0.0,0.0,0.0,0.0,49.8,-0.12,-0.52,1.18
Video12.mp4,8.0,5.0,0.0,0.0,26.0,0.0,17.8,-1.1,-0.35,0.85
Video13.mp4,36.3,37.7,22.0,0.0,3.0,8.0,0.0,-1.0,1.2,-0.3
Video14.mp4,7.3,4.2,4.5,9.2,0.5,21.2,49.2,-0.38,-0.97,0.15
Video15.mp4,0.0,28.7,0.0,41.0,0.0,0.0,33.0,0.63,0.97,0.73
Video16.mp4,0.0,0.0,0.0,5.0,12.0,0.0,34.3,0.1,0.13,-0.4
Video17.mp4,7.6,23.4,0.0,3.4,2.6,10.8,33.4,-0.4,0.8,0.38
Video18.mp4,0.0,0.0,0.0,17.8,0.0,0.0,65.0,-0.48,0.12,-0.08
Video19.mp4,0.0,0.0,0.8,45.2,0.0,0.0,0.0,1.2,1.02,-0.38
Video20.mp4,0.0,12.5,4.0,0.0,0.0,6.0,4.5,-0.95,-1.25,-1.4
Video21.mp4,26.8,19.8,14.2,0.0,16.8,4.8,8.5,-0.88,-0.18,0.0
Video22.mp4,23.5,23.0,4.0,0.0,17.2,8.8,37.2,0.22,-0.43,1.62
Video23.mp4,9.0,5.4,10.4,0.0,8.6,12.4,42.4,-0.56,-0.46,-0.04
Video24.mp4,2.0,3.0,35.7,0.0,26.7,13.3,8.3,-0.27,0.03,-0.73
Video25.mp4,0.0,0.0,0.0,22.0,4.0,7.8,41.6,0.04,-0.5,1.34
Video26.mp4,0.0,0.0,0.0,0.0,7.0,0.0,62.0,-0.15,-0.35,0.98
Video27.mp4,18.3,7.3,0.0,0.0,3.7,14.7,37.0,-0.87,-0.1,-0.43
Video28.mp4,0.0,0.0,11.8,0.2,14.2,5.2,36.8,-0.43,0.38,0.5
Video29.mp4,0.0,3.7,0.0,44.3,0.0,0.0,33.3,1.07,1.27,1.27
Video30.mp4,0.0,0.0,0.0,29.2,2.5,0.0,30.0,0.2,-0.68,0.57
Video31.mp4,9.0,5.0,18.7,0.0,7.3,44.0,0.0,-0.8,-0.1,-0.17
Video32.mp4,0.6,0.4,0.0,1.2,3.8,6.4,49.2,-0.28,-0.56,-0.26
Video33.mp4,0.0,0.0,0.0,0.0,62.2,0.0,25.0,-1.3,-2.2,-0.9
Video34.mp4,0.0,12.0,0.0,10.6,0.0,5.0,57.8,0.42,0.2,1.94
Video35.mp4,15.0,15.0,0.0,0.0,12.3,13.0,33.3,-0.57,1.1,-0.3
Video36.mp4,2.5,7.2,6.2,59.8,0.0,18.5,25.0,0.9,1.4,1.5
Video37.mp4,0.0,0.0,0.0,43.0,0.0,13.0,10.6,1.02,1.02,0.9
Video38.mp4,3.0,5.2,0.0,36.2,0.0,7.3,40.5,0.72,0.23,0.38
Video39.mp4,1.0,13.4,0.0,1.0,0.0,2.4,35.2,-0.6,0.14,-0.34
Video40.mp4,0.0,0.0,3.2,57.2,0.0,6.5,21.2,1.18,1.32,1.03
Video41.mp4,0.0,0.0,0.0,16.2,0.0,10.0,36.8,-0.34,-0.88,-0.88
Video42.mp4,7.0,3.8,11.6,0.0,13.6,0.0,26.2,-0.92,-0.08,-0.76
Video43.mp4,1.2,1.4,20.8,0.0,4.0,0.6,10.8,-1.02,-1.26,-0.92
Video44.mp4,0.0,0.0,0.0,6.0,0.5,0.0,39.2,-1.4,-0.98,-0.12
Video45.mp4,0.0,0.0,0.0,0.0,0.0,0.0,74.3,0.67,-0.33,-0.2
Video46.mp4,0.0,0.0,0.0,12.8,1.2,9.0,25.0,0.25,0.35,1.08
Video47.mp4,0.0,0.0,0.0,0.0,50.8,0.0,25.2,-1.1,-0.98,-0.12
Video48.mp4,0.0,0.0,0.0,0.0,8.0,0.0,31.5,0.7,0.55,0.7
Video49.mp4,0.0,0.0,6.2,9.5,23.0,0.0,12.8,-0.65,-0.5,-0.68
Video50.mp4,23.0,28.0,32.0,0.0,33.0,0.0,3.0,-0.7,-0.97,-0.43
Video51.mp4,0.0,0.0,0.0,24.0,0.0,4.0,31.7,0.7,0.2,-0.53
Video52.mp4,3.0,45.0,0.4,0.0,13.4,0.0,18.4,-0.06,-0.44,0.0
Video53.mp4,11.8,16.0,8.0,0.0,12.0,0.0,25.5,-0.2,0.1,0.45
Video54.mp4,12.2,24.2,0.0,18.0,17.5,0.0,25.0,-0.38,-0.62,-0.08
Video55.mp4,38.5,24.5,0.0,0.0,17.5,7.5,0.0,-0.1,-0.3,1.35
Video56.mp4,21.0,0.0,36.5,0.0,9.0,5.5,0.0,1.2,0.75,1.8
Video57.mp4,4.5,37.5,0.0,0.0,5.5,3.2,25.0,-0.55,0.0,0.22
Video58.mp4,0.0,0.0,0.8,51.8,0.5,2.7,22.0,0.97,0.27,0.75
Video59.mp4,15.2,24.0,1.0,0.0,13.8,3.2,20.8,-0.44,1.2,1.16
Video60.mp4,0.0,0.4,0.0,29.4,0.0,20.4,30.2,0.6,0.86,0.06
Video61.mp4,0.0,2.6,24.6,13.4,3.8,1.4,5.2,-0.7,-0.22,-0.32
Video62.mp4,0.0,0.0,0.0,14.4,0.0,2.0,59.0,0.26,-0.26,-0.62
Video63.mp4,0.0,0.0,0.0,54.7,0.0,0.0,13.7,1.03,0.67,1.3
Video64.mp4,0.0,0.0,0.0,40.0,6.8,5.0,21.0,1.0,1.23,0.88
Video65.mp4,0.0,2.4,0.0,24.4,2.0,2.2,20.8,0.38,0.6,0.4
Video66.mp4,0.0,0.0,0.0,1.0,3.5,14.5,42.2,0.3,1.27,0.98
Video67.mp4,0.0,4.0,0.0,0.0,11.2,2.0,46.6,-0.54,0.66,0.22
Video68.mp4,27.5,18.2,2.5,14.8,6.2,0.0,0.0,-1.02,-0.15,-0.8
Video69.mp4,14.5,12.8,8.8,17.8,10.5,0.0,41.5,-0.05,-0.15,0.35
Video70.mp4,0.0,1.4,1.0,11.6,0.0,27.0,44.2,0.42,0.84,0.9
Video71.mp4,0.0,0.0,0.0,28.0,0.0,0.0,41.3,0.33,0.13,0.7
Video72.mp4,1.3,4.0,32.3,0.0,86.7,8.7,0.0,-0.7,-1.0,-1.1
Video73.mp4,0.0,0.0,8.8,31.4,13.0,8.8,21.6,0.22,0.02,0.1
Video74.mp4,0.0,11.0,14.2,1.5,22.0,1.5,1.2,-0.9,-0.6,-0.0
Video75.mp4,1.4,0.0,0.0,16.6,0.0,0.0,67.0,-0.14,-0.2,0.66
Video76.mp4,27.3,9.3,0.0,36.0,0.0,11.0,4.3,0.17,1.6,-0.23
Video77.mp4,0.8,16.7,14.7,1.7,43.0,0.8,14.8,-1.2,-0.98,-0.25
Video78.mp4,0.0,0.0,16.2,0.0,50.8,0.0,15.8,-1.1,-1.58,-1.42
Video79.mp4,10.8,2.6,15.0,21.4,2.2,22.2,10.0,-0.44,0.88,0.96
Video80.mp4,7.8,25.2,17.2,0.0,18.8,11.2,6.0,-1.0,-1.08,0.57
Video81.mp4,0.0,0.0,19.5,14.0,0.0,0.0,60.0,0.25,0.25,0.48
Video82.mp4,8.0,5.2,0.0,0.8,3.0,26.2,0.0,-0.02,0.06,0.74
Video83.mp4,0.0,3.0,0.0,10.0,2.2,6.8,27.8,0.44,0.14,0.76
Video84.mp4,2.3,23.3,11.0,0.0,15.7,20.0,0.0,-0.83,-0.57,0.3
Video85.mp4,0.0,0.0,0.0,4.2,0.0,0.0,62.6,0.22,0.16,0.86
Video86.mp4,0.0,0.0,0.0,0.0,14.8,0.0,33.8,0.07,-0.0,2.05
Video87.mp4,2.0,9.5,21.5,0.0,17.0,0.0,0.0,-0.65,-0.9,-1.4
Video88.mp4,3.0,3.3,7.0,6.7,0.0,0.0,41.3,0.03,-0.03,-0.03
Video89.mp4,35.2,19.4,2.2,0.0,4.8,10.0,0.0,-0.78,-0.54,0.7
Video90.mp4,45.5,55.0,3.2,0.0,14.8,0.0,0.0,0.58,0.9,0.57
Video91.mp4,0.8,0.0,39.0,1.8,23.2,7.5,21.3,-0.28,-0.68,-0.27
Video92.mp4,7.0,24.2,11.2,0.0,9.5,7.8,9.5,-0.58,0.27,0.72
Video93.mp4,2.0,15.0,4.3,2.7,7.7,36.3,31.3,0.13,0.17,0.7
Video94.mp4,12.0,10.3,0.0,0.0,13.3,13.0,29.0,-0.73,-0.57,0.1
Video95.mp4,8.5,24.2,4.0,13.5,0.5,5.8,4.3,0.28,0.78,0.42
Video96.mp4,0.0,20.5,6.2,0.0,0.0,5.8,10.0,-0.12,0.95,1.27
Video97.mp4,0.0,0.0,0.7,69.2,0.0,7.2,24.2,1.38,0.18,0.97
Video98.mp4,5.0,0.0,0.0,20.0,49.8,16.8,3.5,-1.2,0.2,0.6
Video99.mp4,2.7,7.0,11.3,20.7,30.0,10.3,11.7,-0.4,0.17,0.1
Video100.mp4,0.0,0.0,0.0,15.5,0.0,0.0,39.0,0.2,0.15,-0.55
Video101.mp4,0.0,12.5,2.2,8.7,0.0,9.5,36.8,0.7,0.48,0.58
Video102.mp4,9.2,0.0,0.0,26.2,0.0,6.2,32.0,0.0,-0.57,1.08
Video103.mp4,11.8,0.0,3.8,18.0,0.0,0.0,36.0,-0.28,-0.88,-0.22
Video104.mp4,12.2,1.8,0.0,54.5,0.0,17.8,17.2,0.18,-0.08,0.25
Video105.mp4,0.0,0.0,0.0,13.2,13.0,13.0,32.2,0.3,0.35,-0.18
Video106.mp4,18.5,18.8,27.8,10.0,55.0,1.8,0.0,-1.35,0.42,-0.65
Video107.mp4,4.8,3.4,14.0,32.2,45.2,24.2,0.0,-0.42,0.12,-0.28
Video108.mp4,0.0,0.0,7.0,4.7,4.3,18.7,33.3,0.37,0.43,0.67
Video109.mp4,21.3,16.3,7.7,0.0,6.0,0.0,30.3,0.23,0.23,0.23
Video110.mp4,35.0,0.0,2.0,5.0,28.0,0.0,18.8,-1.78,-1.0,-0.18
Video111.mp4,0.2,0.8,2.0,3.2,0.0,0.0,32.0,-0.55,-0.1,0.1
Video112.mp4,0.4,0.0,0.0,6.8,11.4,0.0,30.8,0.72,0.98,0.44
Video113.mp4,0.0,16.0,0.0,14.0,0.0,0.0,29.5,0.22,0.25,0.13
Video114.mp4,0.0,4.4,13.2,3.8,9.2,20.0,33.0,0.74,0.86,-0.08
Video115.mp4,67.8,12.0,0.0,0.0,3.2,0.0,20.0,-0.42,1.05,1.55
Video116.mp4,24.7,35.0,24.3,0.0,34.3,35.0,25.3,-1.57,-0.73,0.23
Video117.mp4,0.0,14.7,4.7,23.7,2.7,6.7,17.0,-0.37,-1.57,-0.17
Video118.mp4,0.0,0.0,8.0,5.8,39.2,0.0,0.0,-0.82,-0.82,0.72
Video119.mp4,0.0,11.8,34.6,0.0,63.8,0.0,0.0,-0.86,0.14,-0.8
Video120.mp4,22.5,14.0,12.8,8.7,36.5,5.8,22.2,-0.98,-0.88,0.05
Video121.mp4,69.0,15.7,32.7,0.0,23.7,0.0,3.3,-1.07,-0.07,-1.03
Video122.mp4,20.2,28.0,0.0,13.0,7.0,0.0,32.8,0.3,0.7,0.25
Video123.mp4,11.2,6.2,9.0,6.2,22.0,10.0,4.0,-0.08,0.22,-0.05
Video124.mp4,17.6,21.8,16.0,0.0,14.4,1.0,7.0,-1.72,-1.2,-0.02
Video125.mp4,0.0,0.0,0.0,14.0,4.2,2.4,53.2,-0.34,-0.34,-0.32
Video126.mp4,0.0,0.0,0.0,0.0,0.0,0.0,69.3,-0.13,-0.1,0.7
Video127.mp4,30.7,19.7,9.7,0.0,48.0,6.3,6.3,-0.2,-0.6,0.17
Video128.mp4,35.3,24.8,13.8,0.0,77.3,0.0,2.0,-1.25,-0.27,-0.02
Video129.mp4,47.3,35.7,23.7,0.0,62.3,0.0,0.0,-0.87,0.7,-0.5
Video130.mp4,64.3,60.3,15.0,0.0,36.7,0.0,0.0,-2.3,-1.43,0.87
Video131.mp4,0.0,20.0,6.4,0.0,45.6,0.0,20.0,-1.3,-0.94,-1.06
Video132.mp4,12.5,17.5,0.0,31.0,7.5,1.8,30.0,0.65,0.38,1.12
Video133.mp4,5.4,3.6,0.0,3.6,0.0,1.4,14.8,0.9,0.72,2.26
Video134.mp4,0.0,0.0,0.0,32.5,12.5,0.0,20.2,0.27,-0.35,0.9
Video135.mp4,0.0,0.0,0.0,86.2,4.5,11.2,0.0,1.6,0.55,0.72
Video136.mp4,0.0,0.5,0.0,31.5,3.5,3.5,4.0,0.7,0.8,1.95
Video137.mp4,0.0,2.5,67.8,0.0,3.0,0.0,0.0,-1.05,-0.32,-1.0
Video138.mp4,0.0,0.0,0.0,10.0,0.0,0.0,47.0,0.5,0.42,-0.1
Video139.mp4,0.0,0.0,17.0,0.0,11.0,2.3,33.3,-0.07,-0.23,-0.53
Video140.mp4,0.0,0.0,0.0,1.7,9.7,8.5,35.0,-0.75,-0.88,-0.65
Video141.mp4,0.0,0.0,0.0,12.0,7.5,5.5,30.5,0.95,0.7,-0.2
Video142.mp4,1.8,5.8,10.8,0.0,13.0,9.5,54.0,-0.68,-0.05,-0.52
Video143.mp4,17.0,24.7,0.0,0.0,26.3,0.0,9.7,-1.83,-1.8,-1.63
Video144.mp4,0.0,0.0,0.0,0.0,17.7,0.0,52.3,-0.9,-1.57,-0.7
Video145.mp4,0.0,12.0,0.0,23.2,0.0,0.0,40.0,0.76,0.5,-0.02
Video146.mp4,2.8,7.5,0.0,0.0,36.8,0.0,32.5,-0.12,0.48,0.55
Video147.mp4,0.0,10.0,9.2,0.0,2.5,21.0,21.0,-0.57,0.48,1.02
Video148.mp4,0.0,8.2,0.0,18.2,0.8,25.4,11.2,0.46,0.98,1.28
Video149.mp4,0.0,0.0,15.0,0.0,24.0,32.2,16.0,-0.26,0.06,-0.48
Video150.mp4,5.3,21.0,0.0,0.0,51.3,0.0,0.0,-0.63,-0.47,0.0
Video151.mp4,10.6,26.4,51.4,0.0,96.0,0.0,0.0,-2.14,0.4,-0.48
Video152.mp4,2.0,3.0,29.5,7.2,41.5,0.0,6.0,-0.9,0.25,0.15
Video153.mp4,0.0,0.4,11.0,16.0,0.0,4.2,45.0,-0.24,-0.02,0.32
Video154.mp4,5.3,7.2,2.7,14.8,8.5,0.0,31.2,-0.22,-0.17,0.4
Video155.mp4,0.0,0.0,10.5,11.5,12.2,4.0,31.0,-0.42,-0.77,-0.4
Video156.mp4,0.0,0.0,0.0,0.0,0.0,0.0,68.3,0.23,0.37,1.33
Video157.mp4,0.0,0.0,0.0,0.0,8.7,0.0,63.0,0.4,-1.13,1.23
Video158.mp4,7.0,6.0,35.2,0.0,46.8,0.0,0.0,-1.52,-0.8,-0.5
Video159.mp4,0.0,0.0,47.2,0.0,80.8,20.0,5.6,-1.3,-1.04,-0.02
Video160.mp4,6.3,0.0,8.3,23.7,16.7,28.7,17.0,0.27,-0.1,-0.37
Video161.mp4,0.0,0.0,1.3,20.7,1.0,0.0,38.3,-0.13,-1.17,0.53
Video162.mp4,0.0,0.0,0.0,0.0,0.8,0.0,63.6,-0.04,-0.14,-0.26
Video163.mp4,2.0,0.0,9.0,2.8,5.6,3.0,41.2,-0.34,-0.64,-0.24
Video164.mp4,0.0,0.0,0.0,2.5,12.0,0.0,71.5,-0.5,-0.4,-0.42
Video165.mp4,17.2,43.0,9.4,0.0,4.4,0.0,20.0,-0.14,0.7,0.4
Video166.mp4,0.0,0.0,3.0,28.2,32.0,3.8,1.8,0.92,0.1,-0.3
Video167.mp4,2.0,26.6,14.8,0.0,32.4,0.0,0.0,-0.58,0.74,0.6
Video168.mp4,0.0,0.0,0.0,4.0,17.0,24.5,0.0,-0.05,0.15,0.15
Video169.mp4,4.0,21.8,24.4,7.0,34.8,10.6,15.2,-0.32,-0.52,-0.22
Video170.mp4,1.4,9.2,16.4,0.0,14.6,10.0,8.6,-0.64,-0.76,-0.42
Video171.mp4,1.2,15.8,9.0,46.5,1.5,13.8,18.5,0.7,0.65,-0.18
Video172.mp4,4.2,5.2,7.5,20.8,0.0,4.8,36.0,-0.03,-0.03,0.5
Video173.mp4,15.8,10.0,7.5,11.5,6.5,6.0,27.8,0.18,0.85,0.78
Video174.mp4,0.0,0.0,0.0,16.7,0.0,0.3,68.3,-0.5,-0.37,-0.4
Video175.mp4,14.0,19.0,21.0,0.0,59.5,0.0,0.0,-1.4,-1.8,-2.0
Video176.mp4,3.0,2.0,1.2,2.4,1.6,21.6,13.2,-0.3,-0.2,-0.42
Video177.mp4,15.5,10.0,0.0,0.0,7.0,0.0,32.8,0.15,1.0,1.35
Video178.mp4,3.8,0.0,0.0,40.0,0.0,54.8,3.2,0.45,0.35,0.27
Video179.mp4,0.0,0.0,0.0,15.0,0.0,11.8,46.0,0.38,0.25,0.22
Video180.mp4,22.3,16.3,5.3,7.3,6.0,22.7,19.7,0.07,0.1,0.33
Video181.mp4,3.0,18.0,0.0,11.0,23.5,0.0,0.0,0.4,0.1,0.0
Video182.mp4,0.0,0.0,0.0,47.8,0.0,6.4,23.0,0.56,0.76,-0.1
Video183.mp4,0.0,0.0,0.0,50.8,0.0,13.2,19.5,1.3,1.32,0.4
Video184.mp4,1.4,0.4,2.2,11.4,0.4,4.8,13.4,0.74,0.64,0.36
Video185.mp4,0.0,0.3,0.0,34.0,0.0,7.7,28.8,-0.07,-0.3,0.43
Video186.mp4,18.0,4.3,0.7,30.0,0.0,7.3,33.3,-1.13,0.27,-0.97
Video187.mp4,0.0,18.5,0.7,9.8,3.0,42.8,5.2,-0.03,0.1,0.55
Video188.mp4,2.5,15.2,1.7,43.0,4.3,14.7,27.7,0.28,1.03,0.48
Video189.mp4,0.0,11.5,0.0,10.2,0.0,0.0,40.5,0.35,0.22,0.27
Video190.mp4,6.6,49.4,0.0,3.6,1.8,0.0,33.0,0.56,0.7,0.8
Video191.mp4,26.0,16.7,13.0,14.0,34.0,12.0,17.0,-0.8,-1.13,-1.23
Video192.mp4,17.3,27.0,2.7,0.0,7.5,3.2,20.8,0.07,0.37,0.82
Video193.mp4,0.0,0.0,63.6,0.0,35.4,0.0,0.0,-1.28,-1.38,-1.1
Video194.mp4,0.0,0.0,29.5,7.0,0.0,26.5,37.2,-0.68,0.1,0.02
Video195.mp4,4.5,27.0,16.2,0.0,31.5,18.5,13.5,0.0,0.0,-0.1
Video196.mp4,0.0,0.0,0.8,12.2,4.5,4.8,69.5,0.15,0.25,0.43
Video197.mp4,4.8,25.4,0.0,11.8,2.8,1.8,47.2,0.64,0.8,0.56
Video198.mp4,6.3,14.3,4.3,9.0,30.0,0.0,37.0,-1.67,-1.23,-1.53
Video199.mp4,34.5,26.0,0.0,0.0,6.2,41.0,0.0,-0.8,-0.15,0.65
Video200.mp4,0.0,18.6,18.0,0.0,9.2,20.0,14.2,-1.02,-0.56,0.88
Video201.mp4,21.0,13.8,16.0,0.0,59.6,0.0,0.0,-0.62,-0.78,-1.12
Video202.mp4,0.0,2.8,27.8,11.6,8.8,17.0,16.0,-0.68,0.3,-0.84
Video203.mp4,0.0,0.2,5.5,50.8,5.0,11.8,18.5,0.42,0.98,0.68
Video204.mp4,0.0,22.7,5.7,0.0,34.3,18.2,24.0,-1.15,-0.8,-0.12
Video205.mp4,0.0,0.0,1.4,0.0,18.8,0.0,58.8,0.2,0.2,0.22
Video206.mp4,0.0,0.0,11.0,45.5,0.0,4.8,10.2,0.52,-0.27,0.57
Video207.mp4,0.0,1.3,0.0,10.3,0.0,0.0,60.7,0.17,0.23,0.5
Video208.mp4,7.0,2.5,0.0,2.0,16.5,9.0,0.0,-0.95,-0.95,1.55
Video209.mp4,0.0,0.0,5.2,3.6,2.2,15.4,8.4,0.06,0.7,0.58
Video210.mp4,0.0,17.0,0.0,20.6,13.4,37.6,35.2,0.58,1.06,0.7
Video211.mp4,0.0,0.0,0.0,45.5,0.0,13.0,26.0,0.13,-0.2,0.35
Video212.mp4,10.2,13.5,0.0,0.0,24.0,7.2,26.8,-0.55,-0.35,-0.28
Video213.mp4,6.0,9.2,20.5,0.0,15.8,21.2,35.5,-0.68,-0.32,-0.2
Video214.mp4,3.2,5.8,6.4,11.4,1.6,1.2,22.6,0.04,0.62,-0.8
Video215.mp4,0.0,4.7,24.7,0.0,0.0,18.7,24.3,-0.43,0.03,-0.6
Video216.mp4,0.0,11.7,9.7,0.0,56.7,0.0,0.0,-0.83,-1.17,-0.73
Video217.mp4,1.0,3.2,18.0,8.0,21.5,17.8,26.5,-0.1,-0.28,-0.2
Video218.mp4,7.0,12.5,12.5,0.0,50.5,20.5,20.2,-1.2,-0.1,0.75
Video219.mp4,33.0,32.4,11.8,0.0,0.4,13.0,13.2,-0.26,1.0,0.74
Video220.mp4,0.0,0.0,0.0,0.0,6.0,0.0,56.6,0.0,-0.32,0.64
Video221.mp4,19.2,21.0,4.2,1.0,32.2,0.0,6.8,-1.1,-1.38,-0.9
Video222.mp4,0.0,0.0,41.5,4.2,11.0,8.7,23.0,-1.13,-0.95,0.55
Video223.mp4,0.0,0.0,0.0,47.3,0.0,9.0,35.0,1.27,1.17,0.03
Video224.mp4,30.2,11.4,1.4,0.0,62.4,0.0,3.4,-1.68,-0.5,-0.78
Video225.mp4,39.4,17.6,15.8,0.0,64.6,0.4,0.0,-0.32,-0.7,0.34
Video226.mp4,0.0,0.0,0.0,0.0,12.7,3.3,64.7,-1.2,-0.23,0.73
Video227.mp4,3.0,4.6,3.8,22.8,2.4,0.0,44.4,0.28,0.38,1.0
Video228.mp4,0.0,0.0,10.5,1.0,2.5,0.0,30.2,-0.25,-0.32,0.25
Video229.mp4,21.7,36.0,29.3,12.0,34.3,44.3,15.0,-1.23,0.5,-2.13
Video230.mp4,0.0,12.3,22.7,0.0,42.7,26.0,23.0,-1.7,-1.43,-0.87
Video231.mp4,3.2,7.2,29.5,0.0,56.0,0.0,0.0,-1.05,-0.82,-0.98
Video232.mp4,0.0,0.0,0.0,0.0,47.8,0.0,15.8,-0.2,-0.25,0.55
Video233.mp4,0.0,0.0,0.0,1.4,3.6,0.0,40.6,-0.34,-0.54,0.26
Video234.mp4,12.6,18.0,2.2,17.4,9.8,29.0,7.4,-1.06,-0.0,0.5
Video235.mp4,0.0,0.0,29.2,0.0,12.6,10.6,13.4,-0.82,-0.76,0.4
Video236.mp4,14.2,27.2,0.0,2.5,11.5,5.8,29.0,-0.98,-0.12,0.4
Video237.mp4,0.0,0.0,33.7,0.0,42.7,14.0,0.0,0.93,-0.3,0.13
Video238.mp4,1.3,1.3,0.0,5.0,0.7,1.0,39.0,0.8,0.7,0.77
Video239.mp4,0.0,28.8,57.4,0.0,21.0,18.2,10.8,-1.22,0.38,0.02
Video240.mp4,0.0,0.0,0.0,5.6,13.4,1.8,36.6,0.04,-0.7,-0.94
Video241.mp4,4.8,4.0,9.2,16.6,0.6,0.0,51.2,-0.08,-0.32,-0.48
Video242.mp4,7.4,8.6,26.0,0.0,41.6,0.0,12.0,-0.88,-0.78,-0.32
Video243.mp4,37.7,48.0,45.3,0.0,46.3,23.7,8.3,-0.9,-0.27,-0.6
Video244.mp4,4.2,14.2,48.4,0.0,65.0,0.0,0.0,-1.68,0.68,-0.02
Video245.mp4,0.0,0.0,0.0,10.6,20.6,2.6,33.4,0.32,0.3,1.0
Video246.mp4,0.0,0.0,38.0,0.0,43.2,0.0,7.5,-1.38,-1.2,-1.2
Video247.mp4,0.0,8.2,23.5,0.0,49.0,0.0,25.0,-0.95,-0.62,-0.72
Video248.mp4,0.0,17.8,26.0,0.0,26.2,5.0,0.0,-1.2,-0.62,0.05
Video249.mp4,2.4,6.6,9.2,21.2,5.2,8.6,9.8,0.64,0.42,0.88
Video250.mp4,0.0,11.0,15.2,0.0,37.0,0.0,24.0,-0.52,-0.18,0.46
Video251.mp4,19.3,12.0,2.7,0.0,37.0,17.3,23.0,-0.57,-0.23,-0.47
Video252.mp4,11.8,5.2,0.0,0.0,25.0,30.6,0.0,-0.96,-1.02,0.1
Video253.mp4,1.0,24.0,20.7,0.0,41.3,7.3,42.3,-0.3,0.3,0.63
Video254.mp4,0.0,6.2,23.5,0.0,13.0,0.0,4.0,0.05,0.1,0.18
Video255.mp4,7.7,15.7,42.3,0.0,19.3,6.0,33.7,-0.3,-0.77,-0.6
Video256.mp4,0.0,0.0,28.0,0.0,16.0,0.0,0.0,-0.55,-0.9,0.4
Video257.mp4,2.5,9.8,13.2,0.0,42.2,0.0,3.8,-1.2,-0.4,0.25
Video258.mp4,4.0,6.0,0.0,16.8,4.0,47.8,14.6,0.72,1.0,0.5
Video259.mp4,7.4,4.0,0.0,5.2,13.2,14.8,37.6,0.06,0.5,0.76
Video260.mp4,0.0,0.0,0.0,59.6,0.0,0.0,19.0,2.3,1.2,0.08
Video261.mp4,8.5,11.5,0.0,1.5,9.5,4.5,10.5,0.4,0.2,0.2
Video262.mp4,12.0,17.2,10.2,14.4,0.0,11.8,9.8,0.96,0.34,-0.1
Video263.mp4,1.2,5.0,0.0,25.0,0.0,0.4,25.6,0.26,1.12,1.14
Video264.mp4,0.0,17.0,8.6,34.8,8.8,20.8,7.6,0.3,-0.26,-0.14
Video265.mp4,1.8,1.4,5.8,0.8,4.0,0.0,17.6,0.4,0.8,0.06
Video266.mp4,4.0,7.3,0.0,0.0,0.0,0.0,59.7,1.2,1.33,1.3
Video267.mp4,13.3,0.0,0.0,15.7,0.0,0.0,33.3,1.43,1.03,0.67
Video268.mp4,0.0,3.0,0.8,15.2,1.2,5.0,52.2,0.28,0.0,-0.4
Video269.mp4,3.0,9.3,8.0,0.0,0.0,0.0,36.0,0.67,0.5,0.53
Video270.mp4,1.8,1.0,22.4,0.0,7.2,2.0,9.4,-0.86,-1.08,-1.1
Video271.mp4,2.0,4.0,25.0,0.0,86.5,5.0,0.0,-2.1,-0.4,-0.55
Video272.mp4,16.0,21.8,19.0,5.0,39.5,6.8,0.0,-1.0,-1.15,-0.75
Video273.mp4,0.0,0.0,3.3,30.7,5.3,1.7,23.3,-0.6,-0.7,-0.67
Video274.mp4,6.2,4.0,0.0,46.0,0.0,12.2,0.0,0.55,0.25,0.95
Video275.mp4,6.4,19.6,6.4,0.0,17.0,0.0,11.8,-0.82,-0.46,0.2
Video276.mp4,5.0,3.8,0.0,0.0,34.2,0.0,16.8,-1.45,-1.35,-0.52
Video277.mp4,35.0,33.8,6.8,0.0,76.8,0.0,0.0,-1.66,-1.9,-1.26
Video278.mp4,0.0,9.4,17.0,0.0,60.2,0.0,14.6,-1.04,-1.38,0.16
Video279.mp4,7.5,2.5,0.0,0.0,38.8,0.0,2.5,-1.15,-1.18,-1.4
Video280.mp4,0.0,0.0,0.0,40.3,41.3,3.3,0.0,0.57,0.2,-0.9
Video281.mp4,0.0,1.6,0.4,0.4,5.8,3.6,72.0,0.52,0.08,0.38
Video282.mp4,0.0,0.0,0.0,22.0,0.0,0.0,30.8,1.82,0.82,-1.3
Video283.mp4,0.0,1.5,0.0,0.0,6.8,0.0,24.8,-0.62,-1.03,-0.32
Video284.mp4,5.0,5.0,27.5,1.2,56.2,5.8,3.8,-0.72,-0.9,-1.23
Video285.mp4,1.3,0.8,25.0,27.7,8.0,13.8,21.2,-0.07,-0.33,0.17
Video286.mp4,0.0,0.0,0.0,23.4,0.0,18.0,41.2,-0.2,0.2,0.26
Video287.mp4,0.0,0.0,0.0,47.3,0.0,0.0,43.7,1.3,1.53,-0.33
Video288.mp4,0.0,0.0,7.8,36.2,4.2,5.2,18.2,0.28,0.38,0.63
Video289.mp4,0.0,0.0,0.0,18.8,4.2,0.0,53.5,0.48,-0.15,0.32
Video290.mp4,3.8,2.5,0.0,22.2,4.2,9.2,31.0,1.3,-0.08,0.92
Video291.mp4,0.0,1.0,0.0,0.0,65.8,12.0,11.8,-1.0,-0.14,-0.46
Video292.mp4,5.0,4.0,0.0,31.2,0.0,0.0,36.5,-0.48,-1.0,0.12
Video293.mp4,9.2,9.2,5.0,14.6,28.4,2.4,3.0,-1.16,-0.9,-0.34
Video294.mp4,0.0,0.0,0.0,0.0,76.0,9.3,0.0,-1.3,-1.23,-1.57
Video295.mp4,5.4,6.0,2.2,0.0,55.0,0.4,9.4,-1.78,-1.12,-0.86
Video296.mp4,3.2,5.3,0.5,13.7,2.8,7.8,31.7,-0.17,0.52,0.22
Video297.mp4,0.0,0.0,0.0,0.0,23.2,0.0,39.2,-0.82,0.05,0.8
Video298.mp4,9.6,8.4,0.0,27.2,28.0,32.4,37.8,0.7,0.62,-0.98
Video299.mp4,10.8,16.4,11.0,11.2,69.8,3.8,1.2,-1.52,-0.08,-0.72
Video300.mp4,10.2,6.4,0.0,0.0,45.8,0.0,10.0,-1.04,-1.04,-1.1
Video301.mp4,7.2,9.0,12.4,9.2,50.0,1.2,20.8,-0.5,0.26,-0.2
Video302.mp4,8.5,0.0,10.7,0.0,86.7,9.3,9.0,-0.2,0.08,-0.15
Video303.mp4,0.0,10.3,17.7,0.0,86.3,4.7,0.0,-0.47,0.23,0.17
Video304.mp4,0.0,0.0,0.0,25.0,55.0,3.8,0.0,-0.85,-1.55,-1.02
Video305.mp4,0.0,16.5,0.0,0.0,45.8,0.0,14.8,-1.52,-0.77,0.25
Video306.mp4,0.0,2.8,27.8,0.0,48.8,20.0,6.4,-0.82,-1.08,-0.08
Video307.mp4,20.2,21.6,1.0,0.0,44.6,0.8,0.0,-1.14,-1.54,-0.4
Video308.mp4,17.0,3.2,4.2,10.4,10.0,2.6,21.0,0.34,-0.12,1.02
Video309.mp4,5.7,1.5,18.2,0.0,76.5,4.2,1.7,-0.75,-1.53,-0.87
Video310.mp4,28.0,36.3,26.7,0.0,65.0,5.0,24.0,-1.13,0.57,-0.03
Video311.mp4,14.4,9.0,11.6,0.0,63.8,0.0,0.0,-1.68,-1.42,-1.5
Video312.mp4,22.0,4.3,51.0,0.0,39.3,65.3,20.0,-1.53,-0.1,-0.63
Video313.mp4,44.2,37.8,3.4,0.0,37.2,2.6,5.8,-0.36,-0.2,1.58
Video314.mp4,11.0,25.2,1.3,6.0,27.7,7.3,14.5,-0.12,-0.87,-0.42
Video315.mp4,0.0,0.0,0.0,0.0,87.0,0.0,8.5,-1.6,-1.75,0.0
Video316.mp4,0.0,0.0,0.0,9.5,6.5,0.0,0.0,0.1,0.1,-0.45
Video317.mp4,15.2,17.8,19.0,0.0,87.0,0.0,0.0,-1.8,-1.02,-1.33
Video318.mp4,27.5,25.3,15.2,0.0,62.2,20.7,0.0,-1.2,-0.97,-0.05
Video319.mp4,17.5,6.7,14.7,0.0,95.2,3.8,0.0,-0.72,-0.2,-0.25
Video320.mp4,0.0,0.0,0.0,0.0,0.0,22.5,43.5,-0.48,-0.45,0.85
Video321.mp4,0.0,0.0,0.0,0.0,93.3,0.0,0.0,-0.9,-0.9,0.4
Video322.mp4,3.4,8.0,6.6,0.0,42.0,0.0,12.0,-0.8,-0.46,-1.14
Video323.mp4,18.0,21.8,8.0,0.0,80.0,14.2,0.0,-1.23,0.1,-1.25
Video324.mp4,0.0,0.0,0.0,0.0,71.8,0.0,0.0,-1.15,-0.57,0.62
Video325.mp4,13.0,12.0,14.0,0.0,68.0,13.8,10.0,-1.62,-0.9,0.32
Video326.mp4,19.7,15.7,71.3,0.0,57.0,2.7,0.0,-0.8,-0.3,-0.67
Video327.mp4,32.5,30.0,8.0,0.0,76.5,0.0,0.0,-1.35,-1.5,-0.5
Video328.mp4,6.0,0.0,27.5,0.3,85.8,0.0,0.0,0.65,-0.62,-1.23
Video329.mp4,0.0,0.0,36.2,0.0,14.6,30.8,1.6,-0.54,-0.52,0.22
Video330.mp4,33.2,32.8,4.8,0.0,71.4,0.0,0.0,-1.52,-1.96,-1.36
Video331.mp4,0.2,0.0,34.8,0.0,95.4,20.0,0.0,-1.38,1.08,0.1
Video332.mp4,13.8,23.4,32.4,0.0,92.8,0.0,0.0,-2.36,0.96,-0.58
Video333.mp4,0.0,3.8,15.0,0.0,36.5,14.3,16.7,-0.68,-0.1,-0.02
Video334.mp4,21.7,37.3,47.3,0.0,67.7,21.3,13.7,-1.07,-1.33,-0.43
Video335.mp4,17.5,0.0,16.2,0.0,90.2,5.0,0.0,-1.23,-0.5,-0.75
Video336.mp4,0.0,4.7,17.0,0.0,97.0,0.0,0.0,-2.33,-1.7,-2.4
Video337.mp4,11.0,10.4,47.4,0.0,97.4,0.0,0.0,-2.36,0.78,-0.48
Video338.mp4,0.0,0.0,20.0,0.0,78.5,0.0,0.0,-1.45,-1.12,-1.25
Video339.mp4,7.0,8.8,21.8,0.0,76.8,0.0,0.0,-1.1,-0.5,-0.25
Video340.mp4,5.7,0.0,36.2,0.0,79.7,5.5,0.0,-0.7,-1.1,-0.73
Video341.mp4,8.4,6.4,19.0,11.4,69.0,0.0,20.0,-0.7,-0.3,0.02
Video342.mp4,35.0,39.8,1.2,0.0,82.6,0.0,0.0,-1.62,-2.02,-0.92
Video343.mp4,13.8,14.6,21.2,0.0,61.0,5.4,0.0,-1.06,-0.42,-0.66
Video344.mp4,11.7,11.7,15.8,0.0,69.2,0.0,15.5,-1.62,-1.35,-0.25
Video345.mp4,4.0,4.5,5.5,0.0,50.8,0.0,15.0,-1.42,-1.18,-1.58
Video346.mp4,8.7,2.3,1.5,0.0,45.8,0.0,17.2,-1.35,-0.58,0.1
Video347.mp4,2.3,0.0,13.7,0.0,73.3,0.0,0.0,-1.2,-0.83,0.2
Video348.mp4,31.0,37.3,9.3,0.0,69.3,22.3,0.0,-1.97,0.27,-0.53
Video349.mp4,14.8,23.5,2.0,0.0,71.0,0.0,19.0,-1.78,-0.0,-0.55
Video350.mp4,0.0,0.0,0.0,0.0,56.0,0.0,18.5,0.6,-0.4,-0.38
Video351.mp4,25.2,29.8,1.4,0.0,59.6,0.2,0.0,-1.2,-1.32,-1.0
Video352.mp4,12.2,6.2,8.2,0.0,76.0,4.2,0.0,-1.78,-0.48,-1.2
Video353.mp4,0.0,8.0,1.8,0.0,41.8,2.0,25.0,-1.62,-1.2,0.42
Video354.mp4,7.5,5.0,13.0,0.0,46.0,0.0,18.5,-1.45,-1.55,-0.15
Video355.mp4,34.5,20.0,9.5,0.0,69.0,0.0,0.0,-0.45,-0.2,-0.3
Video356.mp4,8.4,7.0,7.2,0.0,67.6,17.8,0.0,-1.38,-0.3,-0.4
Video357.mp4,19.0,11.0,27.7,0.0,68.3,24.3,7.0,-1.33,-1.27,-0.4
Video358.mp4,16.8,16.6,15.6,0.0,77.2,14.6,0.0,-2.04,-0.54,-1.02
Video359.mp4,1.7,4.7,21.0,0.0,56.0,0.7,0.0,-0.13,-0.17,-0.13
Video360.mp4,8.2,14.0,6.2,0.0,66.0,2.2,0.0,-1.14,-0.9,-0.02
Video361.mp4,3.0,0.0,28.0,0.0,82.2,14.0,0.0,-1.1,-0.34,-0.44
Video362.mp4,28.4,23.8,3.2,0.6,61.2,0.0,0.0,-1.34,-1.42,-0.38
Video363.mp4,26.0,10.7,4.0,0.0,79.7,0.0,0.0,-0.77,0.13,-0.47
Video364.mp4,5.0,4.2,12.2,0.0,64.5,0.0,0.0,-1.45,-0.65,-1.28
Video365.mp4,0.0,0.0,10.2,0.0,65.5,0.0,16.8,-1.12,-0.98,-0.75
Video366.mp4,2.4,1.0,30.4,0.0,42.0,0.0,13.4,-0.82,-0.36,0.52
Video367.mp4,33.0,23.5,3.5,0.0,73.0,0.0,0.0,-1.3,-1.65,-1.8
Video368.mp4,12.6,8.2,47.2,0.0,90.8,9.8,0.0,-2.0,0.7,-0.58
Video369.mp4,34.7,41.0,38.7,0.0,88.7,13.3,0.0,-1.5,-0.97,-0.73
Video370.mp4,9.5,19.2,3.8,0.0,55.0,0.0,44.8,-1.18,-1.65,-0.37
Video371.mp4,36.8,8.0,18.8,0.0,78.2,15.4,0.0,-1.26,-0.24,0.78
Video372.mp4,86.0,31.3,0.0,0.0,15.3,0.0,0.0,-1.17,-0.1,1.27
Video373.mp4,7.0,8.2,0.0,0.0,27.4,11.4,8.8,-0.68,-0.36,1.04
Video374.mp4,18.2,23.5,14.3,0.7,39.5,6.2,18.7,0.67,-0.15,-0.42
Video375.mp4,1.0,7.0,6.0,0.0,25.7,32.0,0.0,-0.47,-0.4,0.67
Video376.mp4,73.0,78.4,3.2,0.0,38.6,0.0,0.0,-1.32,1.78,0.54
Video377.mp4,28.0,44.5,2.8,0.0,11.8,11.0,0.0,-0.65,-0.92,0.9
Video378.mp4,73.0,34.0,0.0,0.0,33.2,0.2,0.0,-1.78,0.06,1.82
Video379.mp4,64.0,15.5,21.5,0.0,31.0,0.0,0.0,0.2,0.5,1.4
Video380.mp4,20.0,16.3,8.7,0.0,63.7,0.0,18.0,-0.47,-0.07,-0.83
Video381.mp4,2.4,35.0,14.6,0.0,66.4,0.0,0.0,-1.4,0.7,-0.04
Video382.mp4,6.0,2.3,20.3,0.0,20.0,0.0,27.7,-0.5,-0.1,0.1
Video383.mp4,17.2,17.5,6.2,0.0,66.8,0.0,3.5,-1.78,-0.15,-0.05
Video384.mp4,14.0,26.8,18.0,0.0,82.5,3.0,0.0,-2.2,0.4,-1.1
Video385.mp4,28.5,18.5,5.5,0.0,57.5,0.0,0.0,-1.6,-1.9,-0.25
Video386.mp4,48.4,23.6,1.2,0.0,61.6,0.0,0.0,-1.78,-0.02,-0.04
Video387.mp4,53.5,69.8,0.0,0.0,35.8,1.5,0.0,-0.13,0.92,0.78
Video388.mp4,24.2,25.0,0.0,14.0,26.2,0.2,0.0,-0.7,0.58,1.25
Video389.mp4,37.8,13.2,28.4,0.0,85.2,23.4,0.0,-0.9,-0.22,-0.88
Video390.mp4,22.5,27.5,0.0,15.8,8.0,21.2,0.0,0.0,-0.1,-0.38
Video391.mp4,9.3,20.7,8.7,0.0,0.0,21.0,42.7,-0.07,1.1,0.53
Video392.mp4,17.8,49.0,0.0,0.0,30.8,21.4,0.0,-0.52,0.66,0.46
Video393.mp4,7.0,21.2,19.5,0.2,59.8,0.0,0.0,-1.02,-0.33,-0.3
Video394.mp4,19.8,31.0,0.0,0.0,3.0,6.4,19.0,-0.54,1.12,1.06
Video395.mp4,24.3,10.7,0.0,0.0,0.0,0.0,37.0,-0.33,0.23,0.3
Video396.mp4,13.0,33.8,9.0,0.0,25.2,26.5,16.2,-0.35,-0.68,0.3
Video397.mp4,29.3,24.0,6.8,0.3,23.7,0.0,26.0,-0.9,1.05,0.62
Video398.mp4,27.4,21.0,26.2,16.0,34.2,45.2,0.0,-0.82,0.18,-0.42
Video399.mp4,44.0,30.7,15.3,0.0,31.0,14.0,18.7,-1.1,0.13,0.2
Video400.mp4,5.8,34.5,0.0,0.0,2.2,12.2,5.0,-0.8,0.73,0.5
Video401.mp4,84.0,35.2,6.0,0.0,0.0,12.5,0.0,-1.95,1.55,0.22
Video402.mp4,36.0,53.5,7.8,12.5,16.8,0.0,3.2,-0.8,-0.07,-0.55
Video403.mp4,21.2,49.8,3.5,3.2,36.0,6.5,0.0,-0.45,-0.1,0.85
Video404.mp4,6.0,4.2,0.0,0.0,0.4,0.6,32.2,-0.16,0.04,-0.02
Video405.mp4,16.0,18.0,22.4,0.0,20.0,35.8,7.4,-0.12,-0.14,0.78
Video406.mp4,17.5,28.0,15.0,0.0,32.0,0.0,0.0,-0.8,-1.05,1.05
Video407.mp4,80.6,72.2,0.0,0.0,36.0,0.0,0.0,-1.08,-0.42,-0.78
Video408.mp4,38.0,38.6,38.8,0.0,52.8,24.0,6.6,-1.38,-1.18,-0.04
Video409.mp4,69.0,41.8,0.0,15.5,1.5,0.0,0.0,0.22,1.83,1.32
Video410.mp4,62.5,17.0,9.2,5.7,25.5,3.2,7.0,-0.73,0.55,-0.37
Video411.mp4,32.2,36.0,5.5,11.8,38.5,17.2,0.0,-0.98,0.43,1.05
Video412.mp4,72.4,38.4,13.0,0.0,14.0,14.2,0.0,-0.26,1.04,0.36
Video413.mp4,47.0,54.8,2.2,0.0,96.4,0.0,0.0,-2.16,0.68,0.12
Video414.mp4,24.3,2.0,13.7,0.0,5.0,7.7,4.7,-0.53,-0.5,0.5
Video415.mp4,64.0,25.5,21.0,0.0,21.5,0.0,0.0,0.02,0.6,1.4
Video416.mp4,30.8,50.2,16.8,0.0,25.5,0.0,0.0,-0.5,0.25,0.85
Video417.mp4,61.2,38.4,3.0,0.0,9.4,10.4,0.0,-1.0,-0.42,-0.18
Video418.mp4,48.5,19.8,10.8,2.2,25.0,16.5,0.0,-1.33,-0.65,0.0
Video419.mp4,47.8,35.0,17.2,2.0,17.6,42.6,1.6,-0.7,0.56,0.3
Video420.mp4,24.0,30.7,10.7,22.7,26.3,16.7,16.3,-0.5,0.8,-0.83
Video421.mp4,13.0,38.7,13.0,0.0,31.0,28.7,20.0,-0.73,-0.23,-0.63
Video422.mp4,23.7,31.7,12.3,0.0,16.3,26.0,25.3,-0.23,-0.6,-0.9
Video423.mp4,15.8,33.2,17.4,0.0,83.2,0.0,0.0,-1.96,1.26,-0.1
Video424.mp4,15.6,32.6,0.0,0.0,18.0,0.0,9.4,-0.3,-0.08,0.62
Video425.mp4,15.5,40.2,0.0,0.0,6.8,20.8,0.0,-0.48,0.48,0.73
Video426.mp4,18.8,12.8,1.0,0.0,9.4,8.6,23.4,-0.28,-0.06,0.16
Video427.mp4,27.0,52.7,8.3,0.0,40.0,6.0,10.0,-0.13,-1.1,-0.4
Video428.mp4,52.0,13.4,30.6,6.2,28.2,21.8,3.2,0.24,0.18,0.06
Video429.mp4,23.8,20.5,15.7,0.0,13.2,10.0,12.3,0.2,0.03,-0.45
Video430.mp4,49.8,32.6,18.0,0.0,24.4,3.4,4.4,0.28,0.3,0.92
Video431.mp4,48.2,39.2,3.0,0.0,26.8,20.5,0.0,-0.35,-0.62,-0.2
Video432.mp4,0.0,0.0,0.0,15.7,16.0,17.3,45.0,0.23,0.73,1.27
Video433.mp4,11.3,2.3,0.3,0.0,34.7,0.0,35.0,-0.67,-0.03,-0.9
Video434.mp4,30.6,18.0,15.4,12.6,38.4,17.8,0.0,-1.26,-0.04,-0.32
Video435.mp4,34.0,22.3,6.3,0.3,8.0,40.0,0.0,0.23,0.3,-0.2
Video436.mp4,28.0,19.8,11.8,1.2,12.2,16.5,14.8,-0.5,1.27,0.8
Video437.mp4,29.5,42.7,10.0,0.0,8.3,8.2,19.2,-0.42,0.32,0.0
Video438.mp4,25.2,42.2,0.0,0.0,20.8,0.0,0.0,-0.26,-0.2,1.3
Video439.mp4,38.2,52.2,0.0,8.0,14.0,0.0,13.6,-0.88,1.02,-0.3
Video440.mp4,19.2,26.5,1.5,0.0,30.5,2.0,25.0,-0.82,0.22,-0.02
Video441.mp4,21.0,34.5,0.0,0.0,17.5,2.5,0.0,-0.1,-0.3,-0.25
Video442.mp4,25.0,55.8,10.2,0.0,22.2,40.5,0.0,-1.0,0.25,0.32
Video443.mp4,48.0,38.0,10.5,0.0,29.5,0.0,0.0,-1.1,-1.05,0.7
Video444.mp4,37.2,41.0,17.4,0.0,77.8,0.0,0.0,-1.7,-1.8,-1.44
Video445.mp4,0.0,0.0,0.0,61.4,0.0,22.8,7.8,1.46,1.06,0.26
Video446.mp4,12.3,10.0,8.0,0.0,88.8,4.3,0.0,-1.33,-0.6,-0.73
Video447.mp4,0.0,0.0,0.0,87.3,0.0,0.0,9.0,1.63,0.97,0.4
Video448.mp4,0.0,0.0,0.0,91.3,0.0,0.0,6.3,1.9,0.8,-1.4
Video449.mp4,0.0,0.0,0.0,71.6,2.4,28.0,0.0,1.74,0.7,0.02
Video450.mp4,0.0,0.0,0.0,84.2,0.0,32.0,0.0,1.3,1.7,0.6
Video451.mp4,0.0,0.0,0.0,75.5,0.0,11.5,11.2,1.85,1.48,0.88
Video452.mp4,0.0,0.0,0.0,47.8,0.0,0.0,29.6,0.72,0.82,0.32
Video453.mp4,0.0,0.0,0.0,59.0,0.0,23.0,7.2,1.8,1.88,1.12
Video454.mp4,0.0,0.0,1.8,47.6,0.0,0.0,20.0,0.78,0.8,0.28
Video455.mp4,0.0,0.0,0.0,85.0,0.0,13.5,0.0,1.5,0.95,0.05
Video456.mp4,0.0,0.0,0.0,71.0,0.0,3.2,14.2,1.6,0.95,1.2
Video457.mp4,0.0,0.0,0.0,66.3,0.0,1.0,46.7,1.8,1.57,1.33
Video458.mp4,0.0,0.0,0.0,96.0,0.0,0.0,2.4,2.26,1.96,-0.9
Video459.mp4,0.0,0.0,0.0,82.6,1.0,20.8,2.4,1.76,0.74,0.36
Video460.mp4,4.5,2.2,2.2,60.8,0.0,7.8,6.0,0.52,0.25,-0.22
Video461.mp4,0.0,36.0,13.0,43.5,9.5,0.0,0.0,0.52,0.58,0.05
Video462.mp4,13.8,31.8,23.5,0.0,84.5,3.2,0.0,-1.85,-1.12,-0.92
Video463.mp4,37.0,22.5,0.0,0.0,88.0,0.0,0.0,-2.1,-2.15,-0.55
Video464.mp4,6.8,9.8,11.6,0.0,49.2,8.2,0.0,-0.96,-0.4,-0.48
Video465.mp4,14.8,17.6,2.2,0.0,72.2,0.0,7.0,-1.76,-1.24,-0.28
Video466.mp4,4.7,10.5,7.7,0.8,56.8,0.0,3.8,-0.33,-0.8,-0.2
Video467.mp4,19.0,9.4,9.8,0.0,68.6,1.8,0.8,-0.96,-0.9,-0.34
Video468.mp4,13.2,31.8,25.5,0.0,75.2,2.5,0.0,-2.03,-0.55,-1.4
Video469.mp4,8.0,9.2,7.0,0.0,67.0,8.0,0.0,-1.44,-0.04,-0.32
Video470.mp4,1.7,0.0,16.5,0.0,88.3,2.8,0.7,-1.95,-0.08,-0.33
Video471.mp4,26.0,12.3,4.0,23.0,19.3,0.0,0.0,-0.27,0.77,-0.13
Video472.mp4,12.7,12.7,7.3,0.0,0.0,19.3,59.0,0.43,1.0,-0.23
Video473.mp4,0.0,0.0,25.5,0.0,20.5,0.0,0.0,-1.65,-1.35,-1.8
Video474.mp4,3.2,10.0,88.2,0.0,25.8,0.0,0.0,-0.92,0.06,-0.24
Video475.mp4,0.0,26.6,10.2,0.6,0.0,20.0,11.0,-0.84,-0.1,-0.18
Video476.mp4,0.0,0.5,37.7,8.8,29.2,9.2,29.5,-0.35,-0.35,-0.35
Video477.mp4,0.0,0.0,41.8,0.0,10.6,31.2,5.0,-0.94,0.52,-0.84
Video478.mp4,2.8,35.4,4.2,0.0,34.8,13.6,10.8,-0.64,0.36,0.04
Video479.mp4,9.2,11.6,25.0,0.0,39.0,6.8,3.2,-1.42,-0.64,-0.96
Video480.mp4,0.0,0.0,73.5,26.0,0.0,43.8,0.0,-0.6,0.75,-0.3
Video481.mp4,13.0,10.0,31.2,26.8,5.8,21.0,2.3,-0.93,0.93,0.27
Video482.mp4,7.5,49.8,10.2,0.0,1.8,10.5,28.8,-0.1,0.45,-0.6
Video483.mp4,0.0,67.5,0.0,0.0,0.0,16.8,0.0,-0.82,-0.62,0.12
Video484.mp4,0.0,0.0,4.0,0.0,15.4,0.0,34.0,0.06,-0.12,0.06
Video485.mp4,7.2,5.0,30.5,0.0,44.2,31.3,9.0,-1.52,0.28,-0.12
Video486.mp4,0.0,71.0,0.0,0.0,0.0,0.0,10.8,-0.62,-0.75,-0.32
Video487.mp4,0.0,0.0,9.2,0.0,11.4,44.0,0.0,-0.98,-1.04,-0.78
Video488.mp4,30.4,13.8,21.0,0.0,63.4,10.0,1.6,-1.04,-0.9,-1.0
Video489.mp4,27.2,29.8,0.0,0.0,31.0,8.0,25.0,-1.18,-0.95,0.8
Video490.mp4,37.0,46.0,29.6,0.0,37.2,20.8,0.0,-1.1,-0.64,-0.36
Video491.mp4,79.0,13.7,17.7,0.0,15.7,0.0,0.0,-0.7,0.63,0.63
Video492.mp4,23.8,49.8,3.2,0.0,0.0,0.0,18.8,0.43,1.08,0.22
Video493.mp4,11.5,11.5,0.0,6.0,22.5,0.0,0.0,-0.85,-0.5,-0.6
Video494.mp4,47.0,25.6,6.2,0.0,9.0,2.0,0.0,-0.38,0.4,1.0
Video495.mp4,42.2,42.8,22.8,0.0,25.4,15.2,6.2,-0.96,0.24,-0.06
Video496.mp4,33.8,47.2,6.4,0.0,22.6,0.0,0.0,-0.46,-0.08,0.9
Video497.mp4,35.7,46.0,31.7,0.0,70.7,9.7,0.0,-0.83,1.13,-1.43
Video498.mp4,0.0,0.0,9.2,12.5,5.2,0.0,37.8,-0.52,-0.02,-0.6
Video499.mp4,40.2,29.6,14.6,0.0,34.6,1.0,0.0,-1.18,-0.1,0.1
Video500.mp4,22.0,37.8,0.0,36.8,0.0,20.0,0.4,1.44,1.64,1.2
Video501.mp4,54.2,36.5,9.5,0.0,16.5,0.0,0.0,-1.82,-0.4,-0.4
Video502.mp4,56.0,41.0,0.0,0.0,31.8,0.0,0.0,-0.72,1.34,0.54
Video503.mp4,38.2,29.6,5.6,0.0,29.8,2.6,0.0,-1.42,-0.12,-0.06
Video504.mp4,10.4,22.0,11.2,26.2,10.2,14.8,26.8,-0.24,-0.2,0.38
Video505.mp4,14.0,16.5,2.8,0.0,20.8,0.0,30.5,-1.45,-1.23,-0.18
Video506.mp4,13.8,14.3,17.3,5.8,13.0,19.5,13.7,-0.7,-0.1,-0.12
Video507.mp4,37.0,17.6,11.2,8.0,20.4,14.2,12.0,-0.6,0.2,0.22
Video508.mp4,22.4,21.2,7.2,0.0,7.4,3.0,0.0,-0.84,-0.14,-0.48
Video509.mp4,27.6,37.2,5.0,0.0,26.4,17.8,0.0,-0.3,0.14,0.6
Video510.mp4,23.7,39.5,13.5,0.8,16.7,20.0,0.0,-0.18,0.45,0.73
Video511.mp4,15.2,10.2,20.8,0.0,37.2,12.8,8.2,-0.82,-1.18,-0.88
Video512.mp4,55.4,8.8,7.2,0.0,58.2,0.0,0.0,-2.14,-0.04,-0.76
Video513.mp4,40.2,13.2,0.0,0.0,23.8,52.8,0.0,-0.9,0.2,0.48
Video514.mp4,14.8,24.4,2.4,18.4,20.4,0.0,3.2,-0.0,0.24,0.12
Video515.mp4,42.2,36.5,0.0,0.0,0.0,25.0,18.5,0.6,1.4,0.4
Video516.mp4,26.8,27.8,6.8,0.0,9.2,0.0,29.0,-0.4,1.27,-0.05
Video517.mp4,48.7,15.8,17.2,0.0,32.0,3.3,3.3,-0.85,0.22,0.22
Video518.mp4,60.8,29.5,10.2,0.0,10.5,7.0,2.0,-1.08,0.9,0.48
Video519.mp4,27.6,34.8,16.8,14.6,3.6,0.0,23.2,-0.58,0.56,0.14
Video520.mp4,48.4,29.0,21.6,0.0,79.4,15.4,1.6,-0.32,1.48,-0.94
Video521.mp4,25.8,9.0,12.0,1.5,2.5,7.5,15.0,0.42,0.57,-0.3
Video522.mp4,16.0,42.7,11.7,0.0,27.7,3.7,16.7,-1.03,-0.23,-0.47
Video523.mp4,0.0,6.0,0.0,43.0,0.0,27.0,36.0,1.2,1.57,0.2
Video524.mp4,0.0,0.0,0.4,47.6,0.0,10.4,33.2,0.44,0.88,0.38
Video525.mp4,0.0,0.0,0.0,0.0,0.0,27.0,52.7,1.07,0.93,0.13
Video526.mp4,2.7,3.7,2.7,46.0,0.0,13.3,45.3,0.9,0.87,0.5
Video527.mp4,6.5,5.8,12.0,12.0,4.5,11.2,18.5,-0.12,0.2,-0.52
Video528.mp4,0.0,0.0,0.0,98.0,0.0,23.0,0.0,2.15,2.05,1.5
Video529.mp4,19.0,32.0,0.2,0.0,2.0,12.4,12.0,-0.58,0.78,0.14
Video530.mp4,89.8,10.8,0.0,0.0,0.0,0.0,0.0,-0.58,1.58,0.48
Video531.mp4,38.0,24.3,8.7,27.3,12.0,7.3,0.0,0.4,1.7,0.1
Video532.mp4,3.3,0.0,0.0,24.7,15.7,0.0,30.0,-0.03,-0.57,-0.47
Video533.mp4,0.0,12.8,7.2,49.2,3.0,14.0,12.5,-0.07,1.18,0.88
Video534.mp4,17.2,35.8,0.0,0.0,15.0,13.4,0.0,-0.54,-0.28,0.86
Video535.mp4,2.6,11.0,6.8,0.0,2.8,46.4,0.0,-0.44,0.86,0.32
Video536.mp4,0.0,0.0,0.0,90.0,0.0,0.0,0.0,1.67,0.8,0.9
Video537.mp4,26.7,13.3,0.0,0.0,21.3,50.7,29.3,-1.13,1.1,-0.0
Video538.mp4,13.0,5.0,12.7,1.0,6.3,50.7,0.0,0.03,0.63,0.47
Video539.mp4,4.0,17.5,0.0,0.0,5.2,24.0,25.0,0.8,0.28,0.0
Video540.mp4,24.2,24.5,0.0,0.0,89.0,0.0,0.0,-2.5,-1.4,-1.0
Video541.mp4,30.4,35.6,0.0,0.0,19.4,5.4,0.0,-0.5,-0.12,0.26
Video542.mp4,49.7,44.3,0.0,0.0,24.3,9.7,0.0,-0.77,0.5,0.73
Video543.mp4,26.0,12.7,0.0,0.0,91.3,0.0,0.0,-0.7,0.6,-0.87
Video544.mp4,20.8,62.4,0.0,0.0,12.8,17.0,0.0,-0.94,1.08,0.12
Video545.mp4,13.8,36.0,9.8,0.0,76.8,6.0,0.0,-2.18,-0.2,-1.36
Video546.mp4,13.4,12.8,11.6,8.2,20.4,8.4,0.0,0.18,0.38,0.14
Video547.mp4,31.4,43.6,3.0,0.4,31.8,24.0,0.0,-0.5,-0.26,0.26
Video548.mp4,6.8,9.0,22.8,0.0,68.3,10.8,1.3,-1.05,0.4,-0.27
Video549.mp4,9.8,43.5,1.8,0.0,55.2,9.8,0.0,-0.97,-0.32,-0.08
Video550.mp4,56.3,49.2,2.5,0.0,34.7,2.7,9.0,-0.75,1.2,-0.13
Video551.mp4,9.5,25.8,0.0,0.0,46.0,7.5,42.8,-1.55,-0.88,-0.4
Video552.mp4,2.0,12.0,6.5,15.0,12.5,0.0,7.0,0.95,0.75,0.35
Video553.mp4,0.0,9.5,0.0,30.8,22.2,0.0,14.2,-0.18,0.0,0.8
Video554.mp4,2.0,0.0,0.0,12.8,0.0,10.0,23.8,-0.46,-0.06,-0.56
Video555.mp4,0.0,0.0,0.0,51.0,0.0,0.2,8.6,0.54,1.2,0.0
Video556.mp4,0.0,0.0,0.0,5.0,0.0,4.0,56.7,0.23,0.23,0.4
Video557.mp4,25.0,15.0,0.0,0.0,55.8,18.2,0.0,-0.72,0.28,-0.68
Video558.mp4,40.5,39.8,6.8,0.0,25.8,1.3,0.0,-0.62,0.68,-0.48
Video559.mp4,6.8,12.8,0.8,30.4,11.6,4.0,10.0,0.46,-0.44,0.36
Video560.mp4,0.0,49.0,0.0,7.0,7.5,0.0,0.0,-1.2,-1.1,-1.35
Video561.mp4,37.6,7.8,21.8,3.0,37.6,10.0,9.4,-1.18,-0.12,-0.16
Video562.mp4,0.0,0.0,0.0,0.0,39.5,0.0,40.8,-0.38,-0.6,0.15
Video563.mp4,21.0,42.0,16.0,0.0,19.3,25.3,0.0,-0.23,-0.2,0.33
Video564.mp4,13.0,31.8,0.0,0.0,18.0,8.2,6.2,-1.1,0.15,0.27
Video565.mp4,10.0,3.5,43.3,0.0,25.5,21.0,18.5,0.28,-0.8,0.07
Video566.mp4,18.8,21.8,23.5,0.0,41.0,21.8,39.2,-1.42,-0.6,-0.5
Video567.mp4,0.0,0.0,0.0,33.4,3.4,3.6,35.8,0.48,-0.14,0.64
Video568.mp4,0.0,0.0,1.2,31.8,22.2,15.8,21.8,-0.7,0.6,0.38
Video569.mp4,0.0,24.8,0.0,0.0,0.0,0.0,44.4,0.36,0.62,0.56
Video570.mp4,30.2,38.8,3.2,0.0,24.5,29.2,29.2,-0.8,-0.55,0.12
Video571.mp4,31.5,17.5,0.0,0.0,2.8,0.0,30.0,-0.4,-0.68,0.5
Video572.mp4,21.3,10.7,5.7,0.7,19.0,11.3,33.3,-1.23,0.1,-1.37
Video573.mp4,25.0,25.0,0.0,4.0,28.8,4.5,0.0,-1.3,-0.78,-0.15
Video574.mp4,3.7,0.0,0.7,5.3,10.0,44.0,33.3,0.0,0.63,-0.03
Video575.mp4,15.0,15.2,14.6,0.0,3.4,16.6,24.8,-0.4,0.14,0.92
Video576.mp4,0.0,7.5,0.0,0.0,1.0,16.2,48.0,0.15,0.0,0.57
Video577.mp4,11.2,13.6,0.0,0.0,0.0,1.8,45.0,-0.46,0.84,0.22
Video578.mp4,9.6,11.6,0.0,0.0,1.4,0.0,24.8,-1.3,0.22,-0.94
Video579.mp4,22.7,37.7,7.3,4.0,32.7,5.0,25.0,-1.37,-0.27,-0.9
Video580.mp4,0.0,14.2,0.0,32.5,13.5,0.0,16.2,0.65,0.72,0.3
Video581.mp4,21.0,21.2,0.0,0.0,5.2,11.4,17.6,-0.14,0.58,1.0
Video582.mp4,2.5,4.2,11.5,0.0,3.8,0.0,17.5,-0.55,0.4,-0.23
Video583.mp4,0.0,11.5,0.0,5.2,0.0,0.0,31.5,0.35,-0.13,1.3
Video584.mp4,0.0,0.0,0.0,78.0,0.0,3.2,2.0,1.78,1.15,-0.48
Video585.mp4,0.0,7.2,22.2,0.0,1.6,6.2,4.8,-1.28,-1.32,-1.24
Video586.mp4,0.5,0.0,1.2,9.0,9.0,14.5,39.2,0.67,-0.07,0.58
Video587.mp4,2.7,20.0,7.0,0.0,83.7,0.0,0.0,-2.4,-1.83,-2.53
Video588.mp4,0.0,19.3,13.3,53.3,1.3,0.0,0.0,0.2,0.87,-1.3
Video589.mp4,0.0,0.0,0.0,12.5,0.0,1.8,31.8,0.22,0.2,-0.78
Video590.mp4,0.0,0.0,2.4,19.4,13.2,5.2,23.8,-0.1,-0.2,-0.68
Video591.mp4,5.3,4.7,3.0,43.0,0.0,12.7,18.3,1.0,0.63,-0.6
Video592.mp4,0.0,0.0,0.0,14.5,0.8,5.8,54.5,0.52,0.5,-0.38
Video593.mp4,0.0,0.0,1.8,59.2,0.0,19.8,27.0,1.18,1.25,-0.03
Video594.mp4,5.0,0.0,28.8,0.0,63.8,0.0,1.8,-1.5,0.22,-1.32
Video595.mp4,0.0,0.0,0.0,32.2,0.0,1.4,34.4,-0.1,0.32,-0.56
Video596.mp4,0.0,0.0,8.8,0.6,1.6,0.0,49.0,-0.28,-0.06,-0.3
Video597.mp4,0.0,0.0,0.0,52.5,3.0,1.5,23.8,0.5,0.22,0.3
Video598.mp4,0.0,1.2,10.2,51.5,6.2,15.8,9.8,0.05,0.9,-0.78
Video599.mp4,1.5,1.8,28.8,4.2,51.5,5.2,0.0,-1.38,-0.35,-1.42
Video600.mp4,0.0,0.0,6.6,41.2,5.0,11.2,2.8,0.52,0.36,-0.84
Video601.mp4,0.7,20.2,41.5,4.3,26.7,1.0,0.8,-0.9,-0.4,-0.8
Video602.mp4,0.0,0.0,0.0,46.0,0.0,7.8,10.5,0.25,0.25,-0.03
Video603.mp4,12.7,15.3,3.0,0.0,31.7,1.3,30.0,-0.93,-0.73,-0.93
Video604.mp4,0.0,0.0,11.0,30.7,0.0,16.0,44.0,0.33,0.9,-1.1
Video605.mp4,0.0,10.8,4.5,1.7,21.8,5.2,32.2,-0.33,-0.48,-0.73
Video606.mp4,0.0,0.0,1.4,44.0,1.6,25.0,0.0,0.62,0.72,-0.44
Video607.mp4,0.0,17.0,0.0,24.2,0.0,0.0,35.2,0.52,-0.45,0.1
Video608.mp4,0.0,0.0,12.8,10.2,1.6,2.8,5.2,-0.32,-0.26,-0.78
Video609.mp4,22.5,17.5,0.0,33.0,31.0,0.0,3.5,0.0,0.15,0.5
Video610.mp4,0.0,0.0,0.0,67.3,0.0,20.3,0.0,0.43,0.43,-0.63
Video611.mp4,0.0,0.0,3.2,31.2,7.2,3.6,25.6,0.26,0.18,0.64
Video612.mp4,22.8,28.6,16.0,0.0,51.8,18.0,4.2,-0.82,0.8,-0.6
Video613.mp4,4.8,7.8,17.0,9.2,4.2,0.0,47.4,-0.02,-0.36,-1.1
Video614.mp4,2.4,0.0,0.0,34.2,0.0,0.0,26.4,0.68,0.84,-0.52
Video615.mp4,9.6,13.0,14.2,0.0,12.4,0.0,3.2,-1.44,-1.42,-0.7
Video616.mp4,0.0,0.0,14.2,0.0,14.4,9.6,35.4,-0.02,0.4,-0.66
Video617.mp4,0.0,12.6,21.6,18.6,25.0,44.4,8.8,-0.46,-0.66,0.16
Video618.mp4,0.0,2.5,16.0,0.0,14.5,0.0,0.0,-1.0,-1.35,-1.55
Video619.mp4,0.0,0.0,12.0,9.0,2.0,18.7,34.3,-0.23,0.33,-0.9
Video620.mp4,5.5,24.2,2.2,24.8,13.8,9.0,32.8,-0.8,-0.45,-0.7
Video621.mp4,0.0,0.0,0.0,8.0,1.4,12.2,18.2,0.62,0.02,-0.06
Video622.mp4,1.0,11.0,0.0,32.2,5.0,0.0,5.5,0.0,-0.45,-0.08
Video623.mp4,0.0,0.0,0.0,42.3,0.0,21.7,12.7,0.17,0.7,-0.17
Video624.mp4,0.0,8.4,55.4,0.0,16.4,0.0,22.2,-0.22,0.64,-0.4
Video625.mp4,0.0,0.0,11.5,3.0,0.0,17.0,0.0,-1.05,-1.2,-1.5
Video626.mp4,0.0,0.0,0.0,5.5,6.5,3.0,0.0,-1.2,-1.4,-2.0
Video627.mp4,0.0,0.0,33.4,3.2,0.8,1.6,0.0,-0.8,-1.02,-1.12
Video628.mp4,5.0,0.0,0.0,0.0,78.5,0.0,0.0,-1.68,-0.22,-0.27
Video629.mp4,0.8,2.0,29.2,21.2,0.2,34.2,14.5,-0.1,-0.77,-1.05
Video630.mp4,0.0,0.0,5.0,0.0,12.5,0.0,4.0,-1.15,-1.2,-1.25
Video631.mp4,0.0,1.7,1.8,66.7,2.0,5.7,3.0,0.0,-0.15,-0.35
Video632.mp4,0.0,20.0,28.2,6.2,49.0,0.0,23.8,-1.06,-1.44,-1.36
Video633.mp4,25.0,0.0,3.2,9.5,0.0,15.5,6.8,-0.35,0.22,-0.38
Video634.mp4,0.0,1.5,25.0,3.8,32.8,5.2,12.5,-0.68,-1.18,-0.47
Video635.mp4,0.0,0.0,0.0,64.0,6.0,4.2,17.2,0.62,0.85,-0.62
Video636.mp4,9.6,2.4,1.6,14.6,16.2,0.0,4.0,-0.52,-0.1,-0.82
Video637.mp4,0.0,0.0,0.0,68.2,0.0,13.0,1.2,1.5,1.48,-0.96
Video638.mp4,0.0,0.0,11.8,1.0,0.0,0.6,27.8,0.02,0.3,-1.18
Video639.mp4,11.7,42.7,16.0,33.0,25.3,17.0,10.0,-1.03,-0.43,-0.63
Video640.mp4,4.4,3.2,16.6,0.8,9.6,1.6,0.0,-0.64,-0.72,-0.52
Video641.mp4,0.0,0.0,0.0,81.5,4.5,0.0,0.0,1.15,0.88,-0.88
Video642.mp4,12.5,6.2,1.2,7.0,24.0,1.2,34.5,-0.78,-0.98,-0.22
Video643.mp4,0.0,0.0,0.0,45.2,0.0,1.2,10.6,0.86,1.08,0.52
Video644.mp4,0.0,0.0,0.0,16.5,0.0,84.0,0.0,0.62,1.55,-0.1
Video645.mp4,0.0,0.0,0.0,63.0,0.0,72.5,0.0,1.45,1.73,0.62
Video646.mp4,0.0,0.0,2.4,27.6,0.0,58.0,13.6,0.34,0.68,0.14
Video647.mp4,0.0,0.0,0.0,47.5,0.0,50.0,17.5,1.18,1.88,0.9
Video648.mp4,0.0,0.0,0.0,93.3,0.0,59.0,0.0,0.4,0.8,-1.73
Video649.mp4,0.0,0.0,0.5,76.7,0.0,50.8,0.8,1.75,1.18,-0.13
Video650.mp4,0.0,10.0,0.0,42.0,0.0,88.8,0.0,1.3,1.15,0.25
Video651.mp4,0.0,0.0,0.5,43.7,0.0,72.3,0.0,0.87,1.67,-0.3
Video652.mp4,0.0,0.0,0.0,47.8,0.0,59.4,0.0,0.76,1.18,0.14
Video653.mp4,0.0,0.0,0.0,70.4,0.0,91.8,0.0,2.1,1.86,-0.1
Video654.mp4,0.0,0.8,0.0,70.0,4.5,87.8,2.5,1.8,1.88,0.55
Video655.mp4,0.0,0.0,0.0,51.0,0.0,64.6,12.0,0.8,1.62,0.52
Video656.mp4,0.0,0.0,0.0,71.4,0.0,75.8,16.0,1.48,1.68,0.08
Video657.mp4,0.0,0.0,0.0,47.0,0.0,85.2,0.0,1.88,2.07,-0.95
Video658.mp4,0.0,0.0,1.8,84.5,0.0,69.0,0.0,2.25,2.6,-0.42
Video659.mp4,0.0,0.0,0.0,58.8,0.0,58.0,0.0,1.44,1.32,-0.02
Video660.mp4,0.0,0.0,0.5,53.0,0.0,94.0,0.0,1.58,2.65,1.05
Video661.mp4,0.0,0.0,1.7,57.5,0.0,73.7,0.0,1.67,1.7,0.23
Video662.mp4,0.0,23.0,9.0,30.8,0.0,95.8,0.0,0.62,2.7,-1.25
Video663.mp4,0.0,0.0,1.0,50.8,0.0,69.0,0.0,1.56,1.74,0.34
Video664.mp4,34.0,9.0,13.0,35.5,21.8,17.8,19.7,0.33,1.47,-0.07
Video665.mp4,0.0,5.2,0.0,13.5,0.0,65.5,25.2,0.68,1.3,-0.1
Video666.mp4,0.0,0.0,0.0,26.3,24.7,59.0,0.0,0.6,1.03,0.0
Video667.mp4,0.0,0.0,0.0,42.6,0.0,56.4,26.2,1.2,0.88,0.3
Video668.mp4,0.0,0.0,0.0,60.6,0.0,95.4,0.0,2.38,2.54,1.16
Video669.mp4,0.0,0.0,0.0,19.2,8.6,79.8,0.0,1.38,1.66,0.32
Video670.mp4,67.0,40.8,2.2,0.0,18.8,4.4,0.0,0.32,0.64,2.02
Video671.mp4,0.0,3.7,0.0,0.0,0.0,25.3,40.0,0.33,0.57,0.87
Video672.mp4,62.5,15.0,1.5,1.5,0.0,20.0,7.5,-0.45,0.8,1.3
Video673.mp4,31.3,38.7,0.0,7.3,0.0,44.3,0.0,-0.47,1.17,-0.43
Video674.mp4,16.0,0.0,3.0,2.5,5.5,0.0,1.5,1.05,0.9,2.1
Video675.mp4,63.0,50.0,3.0,0.0,15.0,0.0,0.0,-1.58,0.96,0.88
Video676.mp4,7.2,4.2,7.8,0.0,0.8,2.4,32.4,-0.08,0.28,0.36
Video677.mp4,66.5,52.0,3.0,0.0,73.0,0.0,0.0,-1.5,-0.62,0.38
Video678.mp4,62.3,5.0,0.0,0.0,0.0,0.0,0.0,-0.6,0.7,2.5
Video679.mp4,82.7,18.7,0.0,0.0,10.0,0.0,0.0,-1.13,-0.3,1.97
Video680.mp4,46.0,27.2,9.2,0.0,40.0,4.0,0.0,-0.48,0.78,2.4
Video681.mp4,42.4,22.0,1.0,0.0,5.2,0.0,28.4,-0.56,0.72,0.78
Video682.mp4,30.6,6.4,0.0,0.0,14.2,10.0,16.6,-0.7,-0.4,0.98
Video683.mp4,51.5,24.2,8.8,1.2,19.0,0.0,0.0,-0.05,0.7,2.35
Video684.mp4,37.3,28.3,4.7,0.0,0.0,26.0,0.0,-0.6,-0.53,0.63
Video685.mp4,35.0,5.6,6.8,0.0,6.6,10.0,23.2,-0.54,0.02,0.2
Video686.mp4,11.3,17.7,3.3,0.0,7.3,6.7,35.3,0.6,1.07,1.5
Video687.mp4,17.3,29.3,12.0,0.0,17.0,35.7,23.3,-0.23,-0.2,0.03
Video688.mp4,47.0,20.0,0.0,0.0,8.8,6.2,0.0,0.3,0.57,2.62
Video689.mp4,87.0,45.0,17.5,0.0,30.8,0.0,0.0,-0.8,1.02,2.68
Video690.mp4,87.5,33.0,8.5,0.0,27.0,0.0,0.0,-0.2,-0.45,2.3
Video691.mp4,58.6,67.8,0.0,0.0,39.4,0.0,2.2,-0.16,-0.02,2.38
Video692.mp4,64.8,51.0,6.2,0.0,23.0,2.0,0.0,-1.02,0.13,2.02
Video693.mp4,75.2,35.3,6.8,0.0,8.8,6.2,0.0,-0.63,0.67,1.23
Video694.mp4,3.6,5.2,8.0,0.0,7.2,0.0,58.0,0.12,0.38,1.36
Video695.mp4,83.4,61.6,18.0,0.0,30.4,0.0,0.0,-0.34,1.96,2.2
Video696.mp4,3.2,8.7,0.0,34.0,1.3,58.0,7.5,1.02,-0.08,0.33
Video697.mp4,52.5,10.0,0.0,0.0,12.5,0.0,0.0,0.95,0.85,2.35
Video698.mp4,85.5,36.2,0.0,0.0,1.0,0.0,0.0,-1.62,1.52,1.55
Video699.mp4,28.8,49.8,5.5,0.0,13.0,31.8,14.8,0.2,-0.42,1.2
Video700.mp4,56.0,32.2,6.0,6.8,18.0,3.2,0.0,-0.97,1.0,2.22
Video701.mp4,42.7,95.3,0.0,0.0,16.7,0.0,0.0,-1.13,0.1,1.7
Video702.mp4,48.6,45.2,3.6,0.0,55.2,0.0,0.0,-1.44,-1.58,-0.32
Video703.mp4,19.0,19.8,18.0,10.0,1.4,21.8,17.2,0.9,0.54,-0.02
Video704.mp4,22.3,94.3,0.0,0.0,12.7,0.0,0.0,-0.63,0.47,0.63
Video705.mp4,54.5,54.8,16.2,0.0,39.2,11.2,2.5,-1.45,-0.0,1.4
Video706.mp4,9.5,45.8,0.0,0.0,16.0,21.5,4.5,-1.1,-0.1,1.15
Video707.mp4,9.8,10.8,0.0,11.0,2.0,18.6,28.4,-0.32,-0.02,1.44
Video708.mp4,36.8,71.2,0.0,0.0,9.6,10.6,0.0,-1.82,-0.02,0.72
Video709.mp4,17.2,63.2,0.0,0.0,5.2,2.5,0.0,-0.05,0.25,0.58
Video710.mp4,59.2,67.6,0.0,0.0,15.8,0.0,0.0,-0.42,1.44,0.32
Video711.mp4,60.5,48.5,0.8,0.0,0.0,0.0,16.2,-0.12,-0.3,0.55
Video712.mp4,43.7,18.3,26.0,0.0,0.0,3.0,0.0,0.37,-0.4,1.3
Video713.mp4,16.7,11.7,0.0,0.0,4.7,0.0,50.7,-0.33,0.13,2.53
Video714.mp4,92.7,54.3,19.7,0.0,2.7,0.0,0.0,-0.9,0.53,0.57
Video715.mp4,0.0,97.0,0.5,0.0,0.0,9.5,0.0,-0.82,-0.3,0.2
Video716.mp4,0.0,2.0,13.3,62.2,0.0,24.0,2.2,1.03,1.43,0.48
Video717.mp4,0.0,0.0,0.0,95.2,0.0,6.0,0.0,1.38,1.75,1.23
Video718.mp4,42.0,54.0,39.0,0.0,68.7,4.3,7.3,-1.23,0.23,-0.93
Video719.mp4,34.0,8.8,0.0,0.0,12.2,3.0,4.0,-0.32,0.18,0.52
Video720.mp4,0.0,0.0,0.0,0.0,0.0,4.5,23.5,1.1,1.2,2.3
Video721.mp4,46.0,18.6,2.4,0.0,2.8,10.0,0.0,-1.06,-1.0,0.02
Video722.mp4,0.0,0.0,0.0,0.0,2.0,0.0,71.3,0.73,0.47,1.67
Video723.mp4,66.7,66.7,0.0,0.0,0.0,28.7,0.0,-1.17,0.43,0.7
Video724.mp4,0.0,0.0,0.0,79.7,0.0,0.0,0.0,0.7,0.7,0.9
Video725.mp4,13.8,20.5,2.5,24.0,2.8,12.8,22.5,-0.27,1.52,1.47
Video726.mp4,0.0,0.0,8.4,8.2,7.0,0.0,10.4,-0.38,-0.36,-1.16
Video727.mp4,4.5,3.5,11.0,0.0,7.0,9.8,30.2,-0.53,0.08,0.1
Video728.mp4,0.0,0.0,0.0,0.0,72.5,0.0,15.2,-0.7,-0.72,-0.78
Video729.mp4,17.0,19.4,0.0,0.2,19.4,0.0,0.0,-0.74,-0.84,-0.16
Video730.mp4,0.0,0.0,0.0,97.2,0.0,20.2,0.0,2.65,2.45,0.3
Video731.mp4,0.0,5.2,0.0,7.2,1.8,0.0,46.2,0.0,0.23,0.42
Video732.mp4,39.8,18.2,22.0,0.0,30.8,15.5,0.0,-1.72,-0.5,-0.9
Video733.mp4,4.5,1.8,0.8,12.8,1.5,35.0,29.5,0.4,0.85,0.6
Video734.mp4,0.0,0.0,0.0,79.0,0.0,0.8,0.0,2.02,1.92,0.96
Video735.mp4,0.0,2.0,67.5,0.0,0.8,0.0,0.0,-1.05,-0.35,-1.42
Video736.mp4,0.0,8.5,5.5,1.5,27.8,0.0,25.0,-0.68,-0.85,-0.72
Video737.mp4,7.8,13.6,13.4,14.6,2.4,50.0,1.4,0.34,-0.08,0.84
Video738.mp4,0.0,5.5,0.0,34.0,4.5,0.0,0.0,0.4,0.05,-0.05
Video739.mp4,3.0,4.8,16.0,2.8,3.4,3.0,4.8,0.7,0.28,0.74
Video740.mp4,0.0,0.0,16.4,0.0,20.0,0.0,25.8,0.1,0.36,0.02
Video741.mp4,20.4,5.6,21.0,4.2,15.6,8.6,24.4,-1.0,-0.2,0.16
Video742.mp4,25.7,33.3,5.3,14.0,0.0,13.7,0.0,0.2,0.13,-0.3
Video743.mp4,0.0,15.8,4.3,3.5,3.2,16.8,36.3,0.23,-0.53,-0.05
Video744.mp4,0.0,0.0,3.3,0.0,6.3,0.8,40.3,-0.22,-0.98,-0.25
Video745.mp4,0.0,0.0,4.3,7.3,7.7,0.0,25.8,0.05,-0.43,-0.03
Video746.mp4,0.0,0.0,18.0,0.0,4.2,0.0,38.0,-0.75,-0.28,-0.4
Video747.mp4,0.0,0.0,23.4,0.0,8.6,0.0,4.2,-0.5,-0.28,-0.84
Video748.mp4,0.0,0.0,0.0,1.3,0.0,0.0,59.3,1.07,0.87,0.97
Video749.mp4,0.0,0.0,16.2,0.0,2.8,10.0,7.4,-0.24,0.02,-0.28
Video750.mp4,55.8,31.2,14.8,0.0,36.0,2.2,0.0,-1.0,1.12,0.88
Video751.mp4,9.8,21.8,11.5,0.0,23.8,0.0,32.2,-0.98,0.08,0.27
Video752.mp4,19.4,28.8,0.0,3.8,1.8,0.0,16.2,-0.28,0.36,0.3
Video753.mp4,43.0,21.7,0.3,5.7,16.7,7.0,0.0,0.47,-0.23,-0.6
Video754.mp4,9.0,15.4,2.8,0.0,0.0,8.6,26.0,-0.74,-0.42,1.08
Video755.mp4,15.5,21.5,0.0,0.0,8.2,24.8,23.0,-0.12,-0.15,0.72
Video756.mp4,14.0,22.7,1.8,16.7,7.8,0.0,27.7,-0.33,0.1,1.08
Video757.mp4,26.2,23.2,0.0,0.0,0.0,9.8,9.8,-1.06,-0.66,-0.88
Video758.mp4,0.0,0.0,0.0,33.6,0.0,0.0,30.4,0.58,0.44,0.6
Video759.mp4,8.2,10.8,10.6,45.2,5.4,32.8,31.4,0.8,0.36,0.0
Video760.mp4,0.0,0.0,0.0,68.4,0.0,1.8,2.2,0.5,0.88,-0.16
Video761.mp4,10.8,19.8,1.6,0.0,16.0,0.0,6.8,-1.04,-1.14,-0.66
Video762.mp4,15.8,64.0,19.0,6.8,14.0,13.5,0.0,-1.55,0.43,0.55
Video763.mp4,51.2,13.3,5.8,0.0,24.5,5.3,0.0,0.22,1.23,0.87
Video764.mp4,42.2,22.0,0.0,0.0,0.0,0.0,35.8,0.22,0.52,0.68
Video765.mp4,28.0,43.2,13.4,0.0,26.6,11.8,8.4,-0.42,0.84,1.24
Video766.mp4,78.0,28.6,16.0,0.0,71.0,19.6,0.0,-1.28,-0.42,0.48
Video767.mp4,26.3,33.3,7.3,0.0,20.3,5.3,0.0,-0.43,0.23,-0.1
Video768.mp4,11.8,27.8,21.8,0.4,31.6,0.0,16.6,-0.44,0.3,0.68
Video769.mp4,10.0,20.0,7.0,0.0,37.2,18.8,0.0,-0.22,-0.22,0.9
Video770.mp4,11.2,14.7,44.8,0.0,11.2,7.2,24.0,0.23,-0.8,0.27
Video771.mp4,39.3,56.3,6.0,0.0,7.0,13.7,5.3,0.0,0.7,-0.33
Video772.mp4,29.4,5.4,1.0,0.0,34.8,0.0,20.0,-0.88,-0.94,0.3
Video773.mp4,29.5,34.0,0.0,0.0,18.0,0.0,17.2,0.03,0.4,1.8
Video774.mp4,16.8,14.0,5.8,0.0,38.6,0.0,13.8,-0.22,0.32,0.98
Video775.mp4,13.4,17.6,0.2,0.2,19.0,0.0,13.8,-1.0,-0.34,0.02
Video776.mp4,23.5,14.8,3.8,0.0,18.8,0.0,34.5,0.2,0.05,1.67
Video777.mp4,0.0,0.2,38.8,0.0,2.8,6.8,37.5,-0.12,0.8,-0.1
Video778.mp4,0.0,39.5,0.0,6.5,9.0,0.0,0.0,-0.35,-0.05,0.65
Video779.mp4,21.0,0.0,0.0,24.0,3.3,0.0,21.0,-0.4,-1.33,0.97
Video780.mp4,0.0,20.0,11.8,4.0,49.5,0.0,0.0,-1.2,-0.45,-1.62
Video781.mp4,20.5,9.5,10.0,0.0,0.0,0.0,17.5,0.9,1.05,2.0
Video782.mp4,17.5,22.0,0.0,0.0,41.5,17.0,0.0,-0.75,-0.2,0.9
Video783.mp4,38.0,30.5,24.3,0.0,30.2,0.0,0.0,-1.62,0.03,-0.07
Video784.mp4,5.5,12.0,0.0,0.0,17.8,0.0,15.5,-0.75,-0.35,0.52
Video785.mp4,7.8,8.6,19.6,2.6,56.0,14.6,7.6,-0.9,-0.36,-0.32
Video786.mp4,2.5,0.0,0.0,41.2,4.5,6.8,33.8,1.2,0.22,1.6
Video787.mp4,86.8,39.4,1.2,0.0,27.8,11.8,0.0,-0.34,0.36,0.54
Video788.mp4,0.0,0.0,0.0,28.3,6.3,0.0,34.7,0.63,-0.37,0.53
Video789.mp4,9.2,9.6,0.4,1.0,2.8,8.0,31.6,0.08,-0.42,0.46
Video790.mp4,0.0,1.7,0.0,38.3,2.7,10.3,30.0,0.97,0.9,0.28
Video791.mp4,22.7,15.0,30.0,0.0,18.7,3.7,20.0,-1.1,-0.43,-0.17
Video792.mp4,0.0,4.5,0.0,9.2,0.0,5.0,67.8,0.98,0.03,0.58
Video793.mp4,6.0,12.3,39.3,0.0,16.3,2.3,25.7,-0.37,-1.33,-0.33
Video794.mp4,5.6,44.0,0.0,0.0,4.4,0.0,27.2,-0.9,-0.1,0.46
Video795.mp4,0.0,0.0,17.0,23.3,26.3,0.0,24.7,0.1,0.17,0.37
Video796.mp4,0.0,0.0,9.0,27.2,0.0,8.8,35.0,0.68,0.98,-1.02
Video797.mp4,0.0,1.8,2.5,21.8,0.0,3.0,56.2,0.3,-0.45,0.3
Video798.mp4,0.0,0.0,0.0,51.4,0.0,23.8,1.0,1.1,0.7,0.26
Video799.mp4,0.0,0.0,0.0,76.2,0.0,25.6,0.0,0.88,0.94,1.42
Video800.mp4,2.7,1.3,0.0,23.0,2.3,18.7,28.7,0.67,0.53,0.33
Video801.mp4,0.0,0.0,0.0,9.3,0.0,0.0,73.0,0.0,-0.07,0.07
Video802.mp4,59.0,21.0,0.0,23.0,0.0,6.7,0.0,-0.27,1.5,1.17
Video803.mp4,27.8,13.0,9.4,7.4,13.4,12.6,12.8,-0.08,0.38,0.2
Video804.mp4,71.3,18.7,0.0,0.0,10.0,0.0,0.0,-0.83,0.4,1.03
Video805.mp4,27.7,0.0,0.0,19.3,0.0,32.7,33.3,0.23,1.1,0.3
Video806.mp4,17.3,22.2,8.8,8.3,7.0,2.3,12.3,-0.97,-0.42,-0.27
Video807.mp4,2.5,10.0,0.0,12.8,0.0,53.2,12.8,0.38,0.25,0.55
Video808.mp4,4.2,58.4,7.8,0.0,8.4,6.6,0.0,-0.84,-0.1,-0.54
Video809.mp4,20.5,16.0,16.8,0.0,27.2,15.5,2.5,-0.95,0.48,-0.75
Video810.mp4,0.0,0.0,0.0,20.6,0.0,4.2,50.0,0.34,-0.0,0.22
Video811.mp4,1.3,3.3,17.3,32.7,4.3,0.0,0.0,-0.3,-0.17,-0.3
Video812.mp4,1.3,11.3,2.7,0.0,9.0,69.3,0.0,0.17,0.2,-0.3
Video813.mp4,2.4,3.6,1.4,27.4,4.4,2.2,27.6,-0.06,-0.66,0.18
Video814.mp4,0.0,0.0,0.0,0.0,22.8,0.0,41.2,-0.65,-0.52,-0.55
Video815.mp4,0.0,9.6,20.0,0.0,24.6,20.0,24.0,-0.42,0.82,-0.42
Video816.mp4,0.3,28.7,0.0,27.7,0.0,22.7,0.0,0.27,0.43,-0.83
Video817.mp4,15.0,2.3,30.0,3.7,27.3,12.3,0.0,0.13,0.23,-0.57
Video818.mp4,35.6,15.2,3.4,0.0,10.4,7.6,14.6,-0.54,-0.06,0.28
Video819.mp4,5.0,8.6,11.0,35.6,11.4,22.0,10.2,-0.04,1.0,0.2
Video820.mp4,0.0,0.3,15.0,10.8,3.3,9.5,23.2,-0.7,-0.37,-0.17
Video821.mp4,35.7,15.7,0.0,33.3,33.3,0.7,0.0,-1.33,-0.43,0.43
Video822.mp4,0.0,0.0,0.0,32.0,0.0,0.0,24.8,0.57,0.5,0.6
Video823.mp4,52.0,38.8,0.0,26.8,0.0,14.2,3.5,-0.7,0.12,0.3
Video824.mp4,21.7,0.0,0.0,40.7,0.0,0.0,19.3,0.73,0.93,0.6
Video825.mp4,0.0,0.0,11.0,19.2,0.0,17.0,0.6,-0.18,0.38,0.16
Video826.mp4,0.0,0.0,19.0,0.0,18.7,12.3,41.0,-1.0,-1.0,-1.0
Video827.mp4,20.3,17.3,24.3,10.3,27.0,0.0,23.0,-1.03,-0.5,-0.63
Video828.mp4,48.7,4.7,4.7,21.0,0.0,17.7,0.0,0.27,0.37,0.37
Video829.mp4,40.8,13.0,5.5,0.0,6.2,0.0,0.0,-0.5,-0.48,-0.02
Video830.mp4,2.0,0.0,1.3,2.0,1.3,0.0,39.7,0.03,0.0,0.17
Video831.mp4,0.0,0.4,26.8,0.0,1.0,4.2,32.8,-0.56,-0.08,-0.48
Video832.mp4,23.2,16.3,30.2,1.5,3.8,8.8,16.8,-0.32,-0.6,0.0
Video833.mp4,27.0,9.5,27.0,0.0,34.8,8.8,0.0,-1.05,-0.45,-0.73
Video834.mp4,0.6,64.8,7.2,0.0,8.2,2.4,0.0,-0.68,-0.32,-0.3
Video835.mp4,27.8,3.5,5.8,4.2,9.2,6.8,43.5,0.4,0.9,0.12
Video836.mp4,27.5,22.2,1.2,15.8,10.8,27.0,0.5,-0.6,1.55,1.08
Video837.mp4,0.0,5.0,10.7,1.7,0.0,5.3,54.3,-0.87,-0.2,-1.07
Video838.mp4,0.0,12.8,15.8,0.0,76.2,12.5,0.0,-1.17,-0.4,0.5
Video839.mp4,20.0,44.0,0.0,3.8,11.8,9.5,6.0,-1.55,-0.9,-0.48
Video840.mp4,0.0,0.0,0.0,6.0,0.0,73.0,0.0,0.55,0.4,0.9
Video841.mp4,12.4,14.4,9.6,0.0,11.8,0.0,29.4,-0.68,-1.02,0.12
Video842.mp4,16.0,2.0,0.0,26.0,0.0,26.5,17.5,0.48,0.62,1.12
Video843.mp4,32.8,18.2,8.2,0.0,77.8,0.0,0.0,-1.88,-0.2,-0.78
Video844.mp4,20.0,15.8,10.2,0.0,16.0,4.2,7.8,-0.7,0.02,0.82
Video845.mp4,31.0,22.0,4.6,8.0,9.4,15.0,25.0,0.18,0.38,0.94
Video846.mp4,38.0,32.3,8.8,0.0,17.8,0.0,8.3,-1.18,-0.2,-0.15
Video847.mp4,0.0,0.0,3.8,36.2,2.8,1.2,22.3,0.05,0.07,0.15
Video848.mp4,0.0,0.0,0.0,13.7,0.0,0.0,34.7,0.3,0.3,0.97
Video849.mp4,6.6,6.0,20.6,2.8,8.0,0.0,4.8,-0.4,-0.7,-0.44
Video850.mp4,0.7,0.0,5.5,6.5,7.0,0.8,36.7,0.33,-0.93,-0.62
Video851.mp4,3.8,0.0,19.2,0.0,4.2,0.0,48.5,-0.73,-1.28,-0.6
Video852.mp4,0.0,0.0,0.5,64.3,16.0,33.3,0.0,2.03,1.58,-1.02
Video853.mp4,0.0,0.0,2.6,70.8,0.0,0.8,0.0,0.62,1.18,-1.16
Video854.mp4,0.0,1.8,29.4,0.6,15.2,14.4,38.0,-0.58,-0.72,-0.4
Video855.mp4,2.6,3.4,14.0,9.0,0.0,8.2,3.8,-0.26,0.38,0.5
Video856.mp4,0.0,0.0,0.0,41.8,6.8,17.2,19.2,0.5,0.14,-0.26
Video857.mp4,0.0,0.0,9.0,0.0,0.0,29.5,38.5,-0.03,0.32,-0.45
Video858.mp4,0.0,1.2,12.0,22.0,1.4,0.0,17.0,1.18,0.12,-0.62
Video859.mp4,0.0,0.0,1.0,2.7,0.0,20.0,69.0,0.87,1.37,0.6
Video860.mp4,0.0,0.0,0.0,48.7,0.0,32.0,33.3,1.1,1.03,0.13
Video861.mp4,0.0,0.0,0.0,3.8,1.3,14.0,28.5,-0.1,-0.15,-0.6
Video862.mp4,4.6,9.4,0.0,0.0,2.4,9.8,32.4,-0.32,-0.36,-0.08
Video863.mp4,4.3,4.5,7.0,0.0,6.2,0.0,43.3,-0.57,-1.55,-0.7
Video864.mp4,0.2,2.0,25.8,1.6,20.8,0.0,18.8,-0.3,-0.54,-0.48
Video865.mp4,1.4,33.8,13.8,0.0,1.6,0.0,30.0,-0.28,0.54,0.32
Video866.mp4,0.0,16.0,0.0,46.7,6.7,0.0,0.0,0.53,0.53,-0.47
Video867.mp4,0.0,0.0,1.2,0.0,5.8,15.0,57.0,-0.48,-1.25,-1.3
Video868.mp4,41.5,32.0,20.5,4.8,24.0,7.2,6.5,-1.4,1.1,-0.25
Video869.mp4,0.0,0.0,14.0,0.0,0.0,0.0,42.7,-0.03,-0.4,-0.6
Video870.mp4,5.2,43.0,1.8,0.0,3.8,0.0,15.2,0.25,0.1,0.3
Video871.mp4,0.0,0.0,14.6,24.2,0.6,5.6,7.0,0.24,0.54,-0.54
Video872.mp4,0.0,0.0,8.2,0.0,1.4,0.0,47.0,-0.3,-0.78,-0.3
Video873.mp4,0.0,8.0,8.6,12.4,0.0,1.2,24.8,-0.32,0.2,-0.96
Video874.mp4,3.8,26.0,8.7,0.0,34.8,0.0,25.7,-0.75,-0.3,0.23
Video875.mp4,2.5,0.0,8.5,0.0,0.0,0.0,50.8,-0.45,-1.3,-0.23
Video876.mp4,14.8,18.0,1.7,14.3,1.5,3.3,6.7,-0.2,0.25,0.33
Video877.mp4,43.3,4.7,21.3,0.0,15.0,0.0,0.0,-0.83,-0.67,0.33
Video878.mp4,0.0,5.4,36.4,0.0,56.4,17.8,7.0,-1.08,-1.26,-0.52
Video879.mp4,14.4,6.8,10.0,0.0,19.4,0.0,1.0,-1.1,-1.52,-1.34
Video880.mp4,0.0,0.8,9.5,0.0,27.7,1.8,36.7,-0.7,-0.73,0.02
Video881.mp4,0.0,3.2,3.2,0.0,13.0,0.0,44.8,-0.66,-1.56,-0.9
Video882.mp4,19.6,4.8,22.2,0.0,42.6,2.0,4.2,-1.58,-0.98,-1.94
Video883.mp4,0.0,9.4,19.0,0.0,51.6,14.0,15.4,-1.12,-0.58,-0.98
Video884.mp4,8.8,10.8,23.5,0.0,44.8,0.0,51.2,-1.18,-0.2,-0.4
Video885.mp4,6.8,0.0,39.5,0.0,55.8,0.0,0.0,-1.33,-1.48,-0.85
Video886.mp4,5.8,5.8,11.2,6.4,21.8,3.6,36.8,-1.14,-0.68,-0.62
Video887.mp4,8.4,9.8,36.8,0.0,24.0,1.8,3.2,-1.42,-0.62,-1.34
Video888.mp4,0.0,0.0,11.3,0.0,36.3,0.0,24.0,-0.1,-0.73,-1.03
Video889.mp4,12.8,68.8,19.0,0.0,50.6,0.0,0.0,-1.3,0.54,-0.64
Video890.mp4,4.7,7.3,21.7,0.0,18.7,14.3,23.3,-0.57,0.07,-1.0
Video891.mp4,7.6,2.4,1.4,0.0,40.6,0.0,1.0,-1.0,-0.08,-0.42
Video892.mp4,2.2,1.2,6.8,0.0,22.5,0.0,7.8,-1.85,-0.2,-0.75
Video893.mp4,0.0,0.0,0.0,0.0,41.5,0.0,17.5,-0.03,0.38,-0.3
Video894.mp4,0.0,0.0,0.0,54.2,0.0,0.0,0.0,0.35,-0.25,0.05
Video895.mp4,4.0,0.0,0.0,0.0,72.0,0.0,4.3,-1.5,-1.27,-2.43
Video896.mp4,0.0,0.0,8.0,50.5,1.2,0.0,14.5,0.97,0.28,0.3
Video897.mp4,0.0,0.0,0.0,8.8,24.0,0.0,10.0,0.28,0.38,-0.52
Video898.mp4,0.0,20.3,34.0,0.0,27.3,0.0,21.3,-1.13,-0.7,0.03
Video899.mp4,0.0,0.0,15.0,0.0,0.0,24.7,33.3,0.27,0.27,0.8
Video900.mp4,31.2,45.2,0.0,0.0,28.5,0.0,0.0,-0.92,0.95,0.12
Video901.mp4,2.6,0.2,19.4,0.0,8.0,8.8,23.2,-1.2,-0.9,-0.52
Video902.mp4,3.8,6.5,9.5,0.0,32.5,19.5,0.0,-0.18,0.12,-0.62
Video903.mp4,0.0,21.3,0.0,0.0,50.3,0.0,0.0,-1.07,-1.2,-1.1
Video904.mp4,2.5,16.2,0.0,15.5,2.5,22.8,16.5,0.12,-0.55,-0.52
Video905.mp4,0.0,0.0,0.0,20.2,4.0,5.5,53.5,-0.28,-0.5,-0.03
Video906.mp4,14.6,27.6,9.8,0.0,12.0,10.2,8.8,-1.0,-0.52,-1.56
Video907.mp4,0.0,0.0,25.2,0.0,14.0,0.0,50.6,-0.3,-0.36,-0.42
Video908.mp4,0.0,0.0,0.0,30.2,0.0,8.5,20.0,0.32,0.18,0.48
Video909.mp4,0.0,0.0,18.7,1.7,24.0,0.0,43.7,-1.0,-1.47,-0.9
Video910.mp4,1.4,57.8,14.4,0.0,23.4,36.8,2.8,-0.78,-0.14,-0.96
Video911.mp4,6.5,24.0,2.0,0.0,29.8,0.0,9.5,-0.43,0.0,0.5
Video912.mp4,0.0,0.0,23.0,1.8,5.6,19.2,42.0,-0.36,-0.32,-0.46
Video913.mp4,0.0,10.0,1.6,6.0,0.0,10.0,32.6,0.44,0.48,0.16
Video914.mp4,0.0,0.0,0.0,70.8,3.8,0.0,0.0,-0.28,-0.25,-0.27
Video915.mp4,0.0,0.5,0.0,82.8,0.0,41.8,0.0,1.38,1.2,0.2
Video916.mp4,0.0,15.7,4.5,31.7,8.7,16.0,0.0,0.32,0.85,0.25
Video917.mp4,18.5,15.5,7.8,1.5,43.0,0.0,0.0,-1.27,-0.85,-1.0
Video918.mp4,0.0,0.0,0.0,11.5,0.0,13.2,43.0,-0.5,-0.5,-0.5
Video919.mp4,0.0,0.0,0.0,1.5,2.5,0.0,47.7,0.83,0.22,0.18
Video920.mp4,0.0,0.0,1.2,0.0,0.0,0.0,73.8,0.48,0.12,0.2
Video921.mp4,15.0,29.3,19.7,21.7,9.3,33.3,20.0,-0.4,0.6,-0.17
Video922.mp4,0.0,0.0,0.0,0.0,0.0,0.0,76.3,0.0,-0.93,-0.07
Video923.mp4,0.0,0.0,2.2,31.0,0.0,5.0,34.6,0.32,0.54,0.3
Video924.mp4,0.0,0.0,0.0,31.7,0.0,0.0,43.3,1.27,-0.07,0.1
Video925.mp4,0.8,1.0,18.8,0.0,10.8,0.0,13.8,-1.4,-1.58,-1.06
Video926.mp4,0.0,0.0,3.2,0.0,36.2,0.0,24.2,-1.15,-0.9,-1.1
Video927.mp4,0.0,0.0,0.0,0.0,3.0,0.0,49.2,-1.9,-1.9,-2.08
Video928.mp4,0.0,0.0,20.7,0.0,9.7,0.0,16.7,-0.63,-0.7,-0.77
Video929.mp4,0.0,12.8,2.8,2.2,8.0,0.0,34.3,-0.12,-0.83,-0.82
Video930.mp4,0.0,0.0,0.0,14.5,5.0,0.0,19.5,0.1,0.1,-0.75
Video931.mp4,3.0,8.0,21.5,6.2,28.0,5.0,8.2,-0.62,-0.55,-0.9
Video932.mp4,0.0,0.0,0.0,0.0,24.0,0.0,25.8,-0.42,-0.45,-0.32
Video933.mp4,0.0,5.5,0.0,0.0,14.0,0.0,0.0,-1.15,-1.4,-1.15
Video934.mp4,0.0,0.0,12.2,0.0,23.8,3.6,19.6,-0.52,-0.5,-0.76
Video935.mp4,0.0,5.7,33.3,14.7,1.7,0.0,4.7,-0.7,-0.93,-0.97
Video936.mp4,0.0,0.0,50.0,0.0,0.0,0.0,25.7,-0.43,0.27,-0.7
Video937.mp4,0.0,0.0,2.3,8.3,3.5,4.5,43.0,0.05,-0.08,-0.25
Video938.mp4,0.0,1.6,10.4,3.2,5.8,5.8,46.2,-0.4,-0.6,-0.24
Video939.mp4,0.0,0.0,0.0,29.5,0.0,0.0,21.0,0.45,0.55,-1.3
Video940.mp4,14.7,4.3,8.0,0.0,6.3,7.7,43.3,-1.17,-0.87,-0.73
Video941.mp4,0.0,0.0,0.0,49.2,0.0,0.0,17.8,0.94,0.04,-1.32
Video942.mp4,0.0,0.0,0.0,5.0,0.0,0.0,53.7,-1.37,-0.93,-1.43
Video943.mp4,0.0,0.0,1.6,23.4,0.0,2.0,55.8,0.34,0.24,-0.66
Video944.mp4,1.6,0.0,4.2,11.8,6.2,19.6,20.0,-0.56,-0.88,-0.1
Video945.mp4,0.0,0.0,12.5,0.0,11.5,10.8,31.5,0.0,-0.03,0.2
Video946.mp4,0.0,0.0,0.0,0.0,0.0,12.7,80.3,1.13,0.63,0.27
Video947.mp4,0.0,0.0,7.6,0.2,10.4,7.2,36.6,-0.48,-0.7,-0.2
Video948.mp4,0.0,1.0,7.7,0.0,18.0,0.0,30.0,-0.33,0.0,-0.8
Video949.mp4,0.0,0.0,13.0,0.0,0.0,0.0,46.2,-0.2,-0.22,-0.5
Video950.mp4,0.0,0.0,0.0,61.0,0.0,0.0,16.2,1.4,0.54,-0.36
Video951.mp4,11.0,7.0,0.0,65.8,2.8,4.0,15.5,0.92,1.4,-0.52
Video952.mp4,0.0,16.0,8.2,13.4,1.8,23.0,16.0,-0.06,0.02,0.16
Video953.mp4,0.0,3.0,28.5,0.0,49.5,0.0,2.8,-1.52,-1.23,-0.92
Video954.mp4,14.0,31.2,13.6,0.0,30.4,0.0,0.0,-0.94,-1.4,-1.32
Video955.mp4,0.0,0.0,5.2,0.3,24.7,2.2,22.5,-0.48,-0.45,-0.15
Video956.mp4,19.7,3.3,3.0,8.3,31.3,0.0,46.3,-2.3,-1.13,-2.43
Video957.mp4,1.4,2.0,33.2,5.6,20.8,0.2,21.6,-0.02,-0.1,0.98
Video958.mp4,0.3,2.0,0.0,9.7,3.0,16.3,38.3,-0.03,-0.23,-0.7
Video959.mp4,0.0,0.0,0.0,2.0,0.0,9.7,33.3,-0.27,-0.07,-0.1
Video960.mp4,1.2,24.4,0.0,25.0,10.8,21.8,23.2,0.02,0.56,0.82
Video961.mp4,0.0,0.0,6.0,60.3,0.0,3.2,0.0,0.97,0.38,0.1
Video962.mp4,0.0,0.0,0.0,71.7,0.0,22.3,36.7,1.53,0.9,0.8
Video963.mp4,1.0,6.3,0.0,44.3,0.0,0.0,33.3,-0.27,-0.4,-1.47
Video964.mp4,0.0,7.6,10.0,34.2,10.4,30.8,0.0,-0.38,0.12,-1.02
Video965.mp4,0.0,0.0,7.7,40.5,1.2,11.2,15.5,0.77,1.03,0.5
Video966.mp4,0.0,0.0,0.0,37.5,0.0,7.2,13.8,0.05,0.82,0.7
Video967.mp4,0.0,0.0,67.5,17.8,0.0,31.5,0.0,0.62,1.02,-0.6
Video968.mp4,0.0,6.2,10.8,0.0,15.7,22.8,22.0,-0.43,-0.88,-0.97
Video969.mp4,0.0,0.0,12.7,0.0,0.0,13.3,55.3,-0.17,-0.53,-1.2
Video970.mp4,0.0,1.2,12.2,15.2,1.2,0.0,2.2,-0.2,-0.23,-0.6
Video971.mp4,0.0,0.0,0.0,16.4,0.0,10.4,25.6,0.2,0.2,-0.28
Video972.mp4,0.0,0.0,0.0,44.0,0.0,3.8,0.0,0.77,0.45,0.48
Video973.mp4,0.0,0.0,4.8,33.8,0.0,0.0,34.6,1.72,0.56,-0.92
Video974.mp4,0.0,1.6,2.2,23.4,0.0,2.0,40.6,0.48,0.42,0.1
Video975.mp4,0.0,0.0,11.5,9.2,0.0,3.0,48.2,0.4,0.28,0.1
Video976.mp4,0.0,0.0,1.0,51.2,1.0,0.0,5.0,0.37,0.9,0.4
Video977.mp4,0.0,1.8,0.0,8.8,0.0,2.4,30.6,0.28,1.08,-0.68
Video978.mp4,0.0,0.0,0.0,46.8,0.0,0.0,7.4,0.78,0.54,-0.26
Video979.mp4,35.5,18.0,19.8,34.0,25.8,23.8,0.0,-0.7,0.05,0.25
Video980.mp4,0.0,0.8,14.2,21.0,2.5,0.0,48.5,0.8,0.8,-0.75
Video981.mp4,0.0,0.0,0.0,38.7,0.0,0.0,18.0,0.77,1.43,-0.57
Video982.mp4,0.0,9.2,20.0,0.0,5.0,0.0,50.8,-0.62,-1.28,0.4
Video983.mp4,0.0,0.0,0.0,75.8,0.0,0.0,0.0,1.38,1.35,0.02
Video984.mp4,0.0,0.0,0.0,26.0,0.0,0.0,2.0,0.35,0.4,-0.2
Video985.mp4,0.0,0.0,11.8,2.8,0.0,4.5,51.0,0.15,-0.52,0.0
Video986.mp4,0.0,0.7,2.2,9.7,2.0,7.7,35.5,0.03,-0.17,-0.07
Video987.mp4,78.0,49.2,12.5,0.0,24.5,0.0,0.0,-1.75,-0.75,-0.8
Video988.mp4,62.5,16.8,18.0,0.0,24.0,0.0,14.5,-0.4,0.23,-0.62
Video989.mp4,55.3,34.3,40.3,0.0,68.0,12.0,0.0,-1.87,-0.9,-0.37
Video990.mp4,14.2,14.2,62.8,0.0,22.0,5.4,0.0,-1.38,0.62,0.44
Video991.mp4,7.6,14.2,0.4,28.2,6.0,15.0,29.4,-0.94,-0.5,0.74
Video992.mp4,0.0,12.4,4.0,11.0,10.4,9.4,20.0,-0.52,0.42,-0.12
Video993.mp4,0.0,0.0,0.0,54.8,0.0,10.2,15.5,1.63,1.4,0.48
Video994.mp4,6.0,15.2,0.8,10.0,12.5,2.7,29.7,-0.63,0.03,-0.43
Video995.mp4,0.0,20.2,12.8,8.2,19.0,0.0,16.5,-0.88,-0.5,-0.9
Video996.mp4,0.0,0.0,28.5,0.0,11.5,0.0,0.0,-1.2,-1.5,0.1
Video997.mp4,0.0,0.0,15.0,8.4,15.2,0.0,37.4,-0.38,-0.48,-0.48
Video998.mp4,2.8,2.3,13.5,1.2,54.7,0.0,10.2,-1.35,-0.92,-0.75
Video999.mp4,0.0,0.0,0.0,33.0,0.0,0.0,42.7,0.97,0.27,0.13
Video1000.mp4,0.0,0.0,14.6,0.0,32.0,0.0,13.2,-0.16,0.46,-0.22
